income,debt,payment_history,credit_utilization,credit_age_years,late_payments,open_accounts,inquiries,credit_risk
66703.78,32988.27,84.7,34.24,7.25,1,4,3,1
37120.35,26252.31,81.36,80.29,7.81,1,8,4,1
76509.93,41593.53,92.37,62.01,6.88,2,8,1,1
80692.42,500.0,89.28,61.54,3.69,2,8,0,1
18000.0,14815.68,46.17,20.08,5.77,2,4,2,1
31352.05,12449.74,88.54,50.83,7.36,2,7,0,1
62812.49,500.0,69.96,37.44,6.21,0,4,3,1
53042.66,30723.93,64.94,21.33,3.99,1,12,3,1
59630.37,14755.24,79.74,66.85,8.92,2,5,2,1
41233.03,26875.57,86.93,14.36,7.75,0,6,1,0
79346.76,46317.26,62.31,15.22,8.57,4,5,2,1
77111.42,13761.08,90.45,42.1,9.82,0,8,2,0
61452.68,12946.16,91.16,21.76,6.32,0,4,4,0
84799.31,19423.97,82.56,22.24,6.32,1,8,1,0
70285.21,29846.97,71.59,23.2,12.93,0,5,3,1
41095.57,11199.44,70.25,49.81,3.22,4,5,4,1
68112.52,10428.46,94.31,72.16,0.5,2,8,1,0
38904.58,30686.27,63.87,40.79,9.22,1,5,0,1
79325.91,22543.67,94.77,37.55,4.48,2,7,2,1
58901.63,500.0,80.02,34.37,2.69,1,4,1,1
55933.03,3295.3,80.85,33.7,10.54,1,8,2,1
45019.55,36014.83,61.5,48.14,6.42,0,7,3,1
86895.91,22823.14,80.24,9.65,1.95,0,4,1,1
56600.35,8853.65,89.36,27.58,14.74,1,3,2,0
50576.79,15955.08,65.96,15.46,0.56,2,4,0,1
52253.06,18158.84,87.98,30.5,6.65,2,3,3,1
71710.8,26828.8,83.07,39.89,0.5,1,3,6,1
68039.77,1700.84,74.27,36.81,8.08,1,5,2,0
69080.12,7908.61,92.26,67.35,4.44,1,10,0,1
69478.06,21275.47,55.57,51.91,10.28,0,3,2,1
107116.25,16801.99,86.16,5.32,6.93,2,10,1,0
51058.87,24862.31,100.0,40.8,12.4,0,5,2,1
48730.66,3245.91,99.28,60.12,5.28,4,4,1,1
42097.0,22285.54,86.68,46.32,0.58,0,3,3,1
73551.55,31099.0,78.38,60.25,7.95,1,4,2,1
84837.39,23841.82,74.37,44.32,5.99,2,1,2,1
57493.16,19669.34,78.36,56.72,0.5,1,8,0,1
41516.56,16849.4,88.53,40.05,2.78,1,6,2,1
41861.41,7981.79,72.31,38.14,4.05,1,5,1,0
74313.04,17136.02,91.09,43.8,13.22,5,3,2,1
76351.59,33116.47,100.0,24.36,9.83,4,8,0,1
71949.39,16571.66,81.26,19.63,5.61,1,4,0,1
45358.79,7322.35,65.87,37.72,8.88,2,2,1,1
65107.55,12093.03,65.86,25.47,0.5,0,9,3,0
62567.09,20410.2,91.32,55.75,4.74,1,8,2,1
64811.15,13517.83,81.28,69.06,8.6,1,3,2,1
79171.43,23823.64,92.52,16.86,7.66,1,3,2,0
64919.1,24274.13,75.6,6.67,4.84,4,3,0,0
74936.1,28667.8,91.97,16.05,6.85,0,4,1,0
61486.74,35082.71,80.1,26.46,8.35,0,5,2,1
66360.63,29950.3,73.21,63.92,6.96,1,6,1,1
73888.34,6789.13,77.19,57.57,10.44,3,5,0,1
27942.57,7157.59,67.64,14.52,8.27,2,9,2,1
52967.23,17090.74,100.0,48.89,9.04,1,10,4,0
49651.8,12585.9,80.84,25.9,13.85,3,3,0,0
45944.69,4340.08,89.73,26.78,10.31,0,2,1,1
53946.87,12699.7,75.56,24.7,13.96,0,6,3,1
92888.71,12305.84,69.38,35.63,4.31,1,4,2,1
40951.72,9937.83,79.19,43.03,0.63,2,4,2,1
81302.12,14210.53,95.21,34.59,6.44,1,2,2,1
22976.87,32141.41,75.75,27.48,6.1,1,4,2,1
52632.53,20390.86,71.55,79.91,12.84,2,11,1,1
63580.57,47661.71,83.87,62.82,2.48,1,4,1,1
72896.89,20046.1,87.99,56.63,6.68,1,8,3,1
75646.98,14519.21,100.0,55.01,8.62,4,4,3,1
77453.64,18049.59,86.25,33.22,7.4,3,7,0,1
52328.05,21077.9,89.73,26.12,6.31,1,6,0,1
49828.26,23223.05,90.63,64.38,8.43,0,13,1,1
78875.47,42920.54,68.16,50.0,11.32,1,11,1,1
55791.3,7856.15,70.44,7.85,13.14,1,3,1,0
31934.9,28308.55,68.99,17.56,7.13,0,4,2,1
35067.68,20493.01,66.01,61.6,3.74,2,7,2,1
39772.05,500.0,91.55,28.24,13.14,2,9,0,0
70937.54,27248.39,85.48,56.38,2.69,1,5,3,1
63133.37,33211.48,82.95,32.18,14.16,2,3,0,1
75190.68,7713.88,50.89,49.58,12.38,1,6,0,1
50600.44,17892.79,100.0,23.14,12.96,1,7,1,0
63487.87,500.0,71.27,44.32,9.74,2,3,0,0
73762.99,2894.32,100.0,9.74,0.5,1,6,0,0
53194.38,30576.35,64.61,54.32,2.84,2,1,1,1
70049.06,12403.0,72.25,47.44,8.23,1,6,0,0
45437.63,4694.36,55.57,54.77,4.3,2,7,1,1
52012.82,20753.52,86.35,17.45,5.74,0,6,1,1
51601.77,11731.05,68.78,45.24,9.45,1,4,1,1
33691.53,12350.14,69.12,31.13,6.32,1,6,1,1
70713.39,26871.91,65.53,20.28,2.12,0,9,3,1
49673.15,4059.2,91.33,41.75,10.54,1,2,0,1
60274.87,7135.62,90.54,18.44,9.06,2,4,1,0
70576.43,19848.96,100.0,31.96,6.0,2,5,1,0
69823.69,29632.92,73.77,5.8,9.85,0,8,1,0
74638.47,32857.92,84.63,55.98,7.38,1,11,0,0
57833.32,10019.26,66.53,32.16,12.33,0,3,1,0
50687.44,29248.52,77.98,28.21,7.6,0,3,2,1
58246.2,8590.29,75.77,41.09,12.3,1,3,3,1
22878.64,39914.51,87.57,54.88,0.5,0,6,4,1
28163.53,4394.75,94.2,13.32,8.84,2,5,1,0
30900.61,33941.75,93.89,47.19,5.41,1,11,2,1
38060.57,10122.17,71.89,18.71,3.56,1,5,0,1
68795.03,42158.96,93.98,39.83,11.63,2,10,0,1
40079.46,25095.85,81.47,18.81,10.56,0,5,0,1
51680.42,5807.8,78.1,9.24,0.5,2,5,4,1
88583.02,11733.14,73.5,18.41,9.86,5,8,2,1
52162.19,27374.17,75.28,20.74,9.38,1,11,3,1
76225.34,30631.73,100.0,45.53,4.11,0,8,1,1
39460.41,17151.41,85.69,25.45,3.66,1,7,1,1
55480.37,18535.9,84.1,52.17,0.64,2,9,2,1
39099.51,27100.24,78.85,28.39,5.65,2,9,0,1
52541.27,19581.58,100.0,25.0,6.29,1,3,1,1
78486.78,2477.94,97.66,58.4,10.19,1,9,0,1
21998.95,8244.31,73.35,11.29,8.08,2,6,3,1
69557.32,20821.44,78.72,35.04,2.76,0,4,2,1
65230.18,32585.79,79.43,18.48,7.96,1,6,1,1
46928.7,37391.79,83.75,37.35,5.98,3,11,0,1
28186.73,27354.35,73.59,54.87,3.26,1,9,1,1
61586.85,21447.49,87.27,39.02,0.64,2,4,0,1
48351.16,26985.77,99.43,28.51,9.5,1,6,2,1
65118.88,9998.99,66.24,10.99,8.79,2,8,1,0
60480.75,16161.23,68.46,33.89,9.23,1,6,1,0
95239.14,8110.43,76.2,54.59,4.09,0,9,4,0
54734.18,3015.09,76.76,30.02,7.68,1,3,0,1
37483.06,22002.59,100.0,31.18,1.5,2,4,0,1
63944.06,20226.16,94.02,32.25,3.05,1,5,0,1
64839.93,26251.83,93.33,60.02,7.13,3,5,0,1
89902.13,24553.34,78.83,10.78,8.05,1,11,2,0
78372.45,20911.73,78.56,50.89,0.5,1,10,2,1
67851.16,24679.4,64.58,65.75,2.77,2,9,0,1
92192.66,17487.8,91.38,75.72,5.54,3,11,1,1
33847.21,22954.7,87.89,40.52,10.83,2,7,0,1
45925.47,9286.27,97.43,21.84,3.75,1,5,3,0
39615.33,22436.47,79.47,55.61,7.56,3,5,1,1
51424.18,26021.01,80.3,27.97,7.98,1,3,1,1
29712.9,9963.82,84.04,3.07,6.0,1,3,1,1
73973.32,18621.99,92.7,39.14,8.07,1,2,0,1
55111.1,10516.77,64.36,30.5,1.62,4,5,0,1
27642.26,11681.92,90.83,72.8,4.38,2,6,1,1
37657.26,4500.85,81.75,17.08,12.74,4,3,2,1
66897.3,33189.3,69.3,20.92,13.02,0,6,0,1
78438.78,30788.22,56.98,74.05,10.37,2,6,4,1
103928.08,24449.21,80.36,30.69,11.4,0,8,3,0
124104.97,41666.35,99.37,46.01,0.5,0,8,6,0
69117.01,15729.05,100.0,59.76,3.21,3,7,4,0
38230.16,54381.15,86.26,20.14,5.76,1,5,0,1
18000.0,15269.65,100.0,41.48,16.66,3,5,0,1
65889.65,21062.32,81.48,33.57,5.75,0,2,0,1
42115.3,13226.67,93.44,36.11,9.98,0,4,2,0
50862.14,22467.91,76.59,51.74,8.51,1,6,2,1
46533.87,28027.38,75.82,34.23,8.42,1,4,2,1
56902.6,16633.0,73.87,51.0,6.91,1,10,3,1
83451.57,39320.64,57.27,42.92,2.2,0,9,1,0
63455.07,20869.79,97.45,34.14,0.5,1,3,1,1
56510.03,21245.82,74.3,24.42,12.13,2,4,1,1
37215.62,7092.03,72.38,35.96,4.53,2,5,1,0
23156.98,23021.99,67.84,33.87,0.5,1,2,0,1
49301.23,16391.67,79.55,31.84,8.75,0,8,2,1
58816.78,10701.12,100.0,46.1,8.68,0,5,1,1
98894.46,8682.31,100.0,42.09,10.07,1,5,1,1
62866.04,50061.16,62.07,33.82,11.46,2,7,0,1
81620.27,14838.27,77.75,20.72,3.32,1,8,1,1
49015.5,516.17,69.59,34.44,3.5,0,5,2,0
33931.24,9621.34,93.86,58.2,5.73,2,3,0,1
38767.43,17381.19,85.44,42.06,10.29,5,4,1,1
44045.03,24560.0,74.36,54.91,0.5,2,5,1,1
106826.33,24657.56,82.87,79.7,7.51,1,3,0,1
41929.49,26119.37,76.27,33.25,10.73,1,5,1,1
78446.76,10261.68,100.0,42.7,10.56,0,3,1,1
40135.6,22085.29,88.56,28.02,9.83,2,3,4,1
80494.61,7487.29,90.04,74.84,11.25,2,5,1,1
68468.92,10564.28,50.0,77.45,0.5,3,7,3,1
56553.97,6987.49,81.2,30.44,13.45,1,5,3,1
59103.22,3739.33,100.0,21.63,8.32,0,3,1,0
45594.67,30770.51,97.91,27.45,12.34,0,11,1,0
69813.59,26263.34,59.83,39.83,2.3,2,7,2,1
49990.36,29719.98,78.24,29.75,0.5,2,6,1,1
33036.67,18471.76,67.58,43.0,14.15,2,10,4,0
31885.37,27321.69,100.0,30.31,3.29,1,5,0,1
63796.93,500.0,84.93,34.29,5.76,2,7,1,0
94740.01,28357.05,72.79,50.03,9.11,2,3,1,1
63519.82,20125.44,82.41,48.3,10.09,2,6,1,1
57389.96,25525.32,50.71,45.66,11.31,2,6,3,1
66288.18,22560.28,68.98,72.36,7.89,4,6,2,1
88732.04,6155.34,82.44,28.68,2.78,0,8,1,0
64826.42,500.0,92.15,34.67,9.83,3,7,2,1
50959.6,9455.35,58.7,14.69,9.89,0,10,2,0
84338.35,24779.01,77.43,35.99,0.5,0,8,2,1
69432.64,26281.1,94.12,27.69,12.67,1,8,1,1
93786.63,1584.69,64.58,17.46,0.5,0,8,1,0
64031.16,6226.81,84.75,48.79,11.14,5,6,0,1
33061.68,9321.17,82.79,39.48,4.46,1,9,2,1
29900.5,13712.34,100.0,87.94,9.82,3,3,0,1
96320.41,1655.39,79.24,68.03,9.04,0,5,2,1
97920.65,935.38,79.94,8.5,6.85,1,8,0,1
56050.58,8137.98,92.26,45.63,8.8,0,4,3,1
51569.88,19035.05,66.08,30.75,6.65,2,9,3,1
92151.77,3832.87,79.35,8.81,9.86,0,4,0,1
35644.99,16610.36,76.53,21.83,15.74,4,1,2,1
40316.01,30702.63,80.33,30.56,1.64,4,3,3,1
74153.19,2378.64,92.18,71.87,0.5,0,7,2,1
51318.69,15522.65,88.65,30.28,5.34,1,9,1,1
59887.32,30297.08,73.02,27.6,5.06,2,7,3,1
56404.26,12980.78,83.64,16.41,5.49,3,6,1,1
67426.64,11115.96,99.89,71.71,3.29,0,10,5,1
90964.6,31961.95,72.02,10.87,10.49,0,4,2,1
61992.87,14325.58,83.74,41.03,1.47,1,3,3,1
74166.65,31253.94,79.68,30.97,8.8,1,4,0,1
18000.0,23147.58,81.24,36.71,9.55,1,4,2,1
58928.2,13885.86,62.43,20.02,8.27,2,7,0,1
41448.93,23756.29,98.93,50.5,8.95,2,6,1,1
33186.11,21845.39,72.71,22.32,10.8,0,4,3,0
40680.65,30250.59,94.31,24.32,7.21,0,3,2,0
52649.28,11419.85,74.54,48.18,5.61,2,4,3,1
80149.86,18494.47,74.49,37.33,8.95,0,9,2,1
30819.36,17261.81,96.56,47.45,9.4,0,7,3,1
60673.89,26449.78,93.93,38.5,10.56,2,7,0,1
49348.27,5697.85,84.5,5.81,0.5,0,7,1,1
52791.19,30203.72,91.13,23.28,6.27,2,4,0,1
82060.67,23595.95,78.54,13.75,2.74,0,5,1,1
71838.54,2196.9,81.9,51.67,9.24,1,8,0,1
89422.76,32499.15,74.06,3.0,9.91,1,10,0,1
56600.88,44809.12,92.85,40.37,5.9,0,5,3,1
44689.26,30022.01,73.68,5.82,4.08,1,8,4,1
55075.11,35123.82,99.82,19.39,9.39,2,4,3,1
65334.93,19024.46,78.21,18.23,6.47,2,5,1,0
63884.61,500.0,82.25,40.03,12.71,0,4,2,1
36143.46,500.0,91.1,33.62,14.09,4,10,2,1
61990.78,21060.98,82.29,71.16,11.0,1,7,1,1
65021.02,10896.25,78.43,17.65,7.93,1,7,1,1
115384.43,7025.08,81.64,32.81,14.3,0,4,3,0
101290.58,17247.04,92.73,12.58,7.96,1,6,3,0
41228.65,25387.02,74.05,73.02,5.08,3,4,2,1
53677.57,566.91,80.49,52.35,4.3,2,6,0,1
27804.28,12613.47,82.12,56.46,4.19,1,8,0,1
47004.45,36118.45,92.38,27.04,6.97,0,3,0,1
66943.31,5096.54,80.8,35.36,8.85,2,6,4,1
86528.78,28437.13,100.0,62.27,1.34,2,2,2,1
43960.16,12183.23,80.12,71.45,5.2,2,7,1,1
45608.78,24549.53,79.15,54.13,7.85,1,7,1,1
18000.0,31167.93,79.95,86.22,9.57,1,2,2,1
56421.35,26895.38,66.2,54.91,6.9,1,9,1,1
36626.88,28909.92,69.56,27.03,7.98,0,9,2,1
48352.33,4180.88,75.63,26.87,2.05,0,4,2,0
40709.06,31363.92,95.63,17.8,3.35,4,10,3,1
57926.22,7767.68,81.6,32.69,6.76,0,8,1,0
21329.98,21114.5,76.18,31.85,9.04,2,8,3,1
27725.0,21098.95,96.72,22.37,7.93,0,1,1,1
106843.44,23821.47,100.0,39.27,3.6,2,9,0,0
31676.7,22043.48,97.06,40.1,6.05,4,10,1,1
35870.72,7874.28,71.76,32.25,13.05,2,6,2,1
100412.1,1801.59,76.06,22.13,9.18,3,10,1,1
123911.48,28468.18,100.0,50.87,6.35,0,4,3,1
34225.53,20230.01,84.89,8.21,2.9,2,1,0,1
51898.52,31792.52,78.79,78.38,4.15,1,6,0,1
67514.22,17463.2,90.62,42.5,7.03,1,6,2,1
98031.35,1138.03,94.09,19.21,8.1,1,4,1,1
38289.14,29593.56,75.14,17.52,9.26,1,3,1,1
54603.89,13555.55,84.63,21.9,8.55,0,7,1,1
77101.43,22104.04,93.12,37.78,5.52,4,10,1,1
69564.85,10230.49,68.08,32.65,4.96,3,4,1,0
51724.57,37731.62,82.15,33.77,15.19,1,3,0,1
57055.89,7481.22,68.63,11.09,4.77,0,5,1,0
29752.29,13950.84,70.2,46.63,1.83,1,6,1,1
54760.18,19289.38,75.24,60.67,0.5,1,4,1,1
54139.48,4893.81,87.73,48.48,5.59,2,4,1,1
65107.74,21966.23,78.14,61.07,10.76,1,3,1,0
47782.8,37342.93,74.22,18.1,4.7,1,6,5,1
70373.85,12114.45,82.62,10.2,12.91,0,4,2,0
82279.75,22741.71,68.24,58.84,6.97,2,9,2,1
63419.45,500.0,87.15,64.97,11.44,0,2,1,0
67738.64,17532.85,95.58,34.91,3.97,2,7,0,1
61169.42,14243.49,81.05,55.12,4.03,0,4,0,1
60001.86,8178.03,79.57,28.74,7.36,0,4,1,0
44125.72,30977.41,86.48,8.96,8.93,0,8,3,1
66962.87,14085.08,57.66,20.23,6.28,3,7,2,1
57859.69,15870.27,88.44,24.81,8.17,1,7,2,1
106049.7,13473.69,100.0,34.56,9.35,0,6,2,0
94613.81,500.0,80.53,38.4,1.32,0,7,3,1
68488.62,4416.16,80.57,14.85,5.64,4,5,1,1
43212.74,29533.12,90.92,58.93,4.93,3,5,0,1
35526.95,500.0,100.0,29.75,5.12,0,5,1,0
86205.14,8804.22,93.7,22.01,8.63,2,5,2,0
65780.48,13203.36,56.13,20.63,4.98,0,7,2,1
70563.15,38923.46,88.76,9.97,0.5,0,7,0,1
21619.11,27223.25,100.0,55.96,6.05,2,6,0,1
80403.65,11313.95,89.47,13.27,2.74,0,8,0,0
69997.25,33654.16,68.14,29.94,8.99,2,3,0,1
35570.52,9113.81,85.38,52.98,10.22,0,4,1,1
49626.45,30109.2,66.63,9.34,0.5,3,5,1,1
65801.78,1693.47,96.79,29.88,3.9,1,5,1,0
61154.27,30879.09,70.53,34.14,8.41,3,5,2,1
53572.23,13126.4,82.89,28.72,1.36,1,5,0,0
57723.26,5657.95,71.71,45.78,10.13,1,4,3,1
54456.5,15394.28,75.44,20.34,11.2,4,3,1,1
63356.38,21328.13,99.83,28.77,6.35,1,2,0,1
92372.82,12063.02,83.24,51.66,3.9,3,6,0,0
18000.0,24647.44,75.29,45.91,0.5,5,6,1,1
54789.29,11004.07,68.26,28.5,10.26,0,3,0,1
63883.27,25444.47,59.54,41.3,15.01,0,9,0,1
66511.87,23306.66,66.98,13.75,14.18,0,4,5,1
51817.88,17268.92,83.34,34.83,6.22,2,5,1,0
21352.12,12703.41,93.76,34.72,2.63,0,6,0,1
67215.9,19818.49,75.28,83.7,10.35,3,4,0,1
98001.7,24603.04,100.0,11.08,6.49,5,5,2,1
26255.05,42741.59,73.39,55.17,8.91,2,3,4,1
79004.22,29273.05,79.14,46.05,8.21,5,6,1,1
52772.45,29711.88,69.05,7.3,7.37,1,3,2,1
58650.86,55062.15,93.89,34.46,11.11,0,6,2,1
36836.23,24191.5,100.0,59.15,11.26,2,3,0,1
52641.96,23815.72,60.86,37.06,4.91,1,6,2,1
88600.98,26448.18,77.85,60.97,3.31,3,8,0,1
72818.42,5892.41,97.18,43.34,0.5,3,10,3,1
98110.86,12673.18,64.64,31.0,5.62,0,8,1,1
85903.06,11925.97,88.8,3.98,2.63,0,3,6,0
69659.91,25771.37,96.66,49.32,8.68,2,7,1,1
98366.56,15909.91,82.94,44.85,5.66,1,9,0,1
69657.85,19658.68,88.6,71.83,6.09,0,6,2,1
78215.74,31049.46,100.0,63.91,10.25,6,4,1,1
53475.44,28357.81,100.0,24.95,8.59,1,6,2,1
61464.01,16059.35,81.26,49.77,6.53,2,3,0,1
44656.68,9960.06,75.61,35.74,13.75,0,7,4,1
81770.85,31623.3,70.96,24.16,9.95,1,5,0,0
34077.32,27286.69,93.72,35.16,5.34,3,9,2,1
77211.71,500.0,65.54,38.81,5.51,2,7,2,1
55805.68,14242.15,78.97,23.32,10.15,1,5,1,1
85767.44,19986.19,83.23,47.2,7.81,4,2,0,1
76519.12,27345.96,75.96,37.37,2.52,2,5,0,1
100054.22,28921.22,85.36,64.15,10.58,4,7,1,1
76077.04,21406.87,100.0,34.08,12.03,0,12,4,0
25415.11,25022.97,80.54,13.51,11.73,0,9,3,1
58527.03,18769.64,76.78,42.69,13.17,1,4,6,1
34215.84,9913.78,94.18,44.86,15.28,0,2,2,1
48597.84,14864.83,84.88,24.85,13.92,3,6,1,1
93247.03,18227.89,99.27,35.77,8.36,0,5,2,1
74025.74,17583.85,83.98,15.56,6.17,2,2,1,0
44623.53,500.0,79.02,28.08,0.5,2,6,4,1
37698.22,13230.2,60.6,23.14,7.04,1,12,2,1
60721.21,18674.47,62.56,30.04,9.08,2,4,0,1
33235.68,14623.56,59.97,43.73,7.17,1,5,1,1
45234.91,15038.11,86.55,69.99,0.5,3,8,2,1
66864.21,23855.9,65.65,12.36,5.85,2,8,0,1
85416.86,5052.51,97.07,2.68,9.58,0,7,1,0
73392.75,500.0,82.36,34.07,2.9,0,5,1,0
18000.0,13821.96,79.07,20.14,7.66,0,3,1,1
66696.07,27169.37,71.87,60.4,8.73,1,4,2,1
61584.74,38250.64,89.47,61.48,11.47,2,5,1,1
69105.59,27385.54,72.35,70.74,13.85,2,6,1,1
95556.61,500.0,70.18,67.7,5.49,0,8,0,1
18000.0,15211.59,96.26,9.18,7.74,2,8,2,1
46995.72,21079.61,86.26,41.33,7.86,5,5,2,1
72999.94,20131.09,79.18,36.9,9.6,1,7,1,1
25204.92,24471.65,89.7,58.24,9.15,1,6,0,1
92470.88,6995.41,82.11,34.09,12.7,2,9,0,0
68103.85,18779.32,86.6,41.63,0.5,2,2,1,1
78624.85,23043.87,72.2,18.94,8.67,2,3,2,0
47439.24,27908.05,100.0,57.26,8.95,5,8,0,0
77902.8,8331.38,75.04,2.91,6.06,4,5,2,1
83506.37,13858.12,100.0,27.37,0.5,2,7,2,1
65123.32,500.0,79.73,16.75,6.76,2,6,3,0
65156.82,10542.46,91.69,38.12,4.16,1,6,0,0
65947.55,11707.02,90.81,12.09,13.71,1,3,2,0
41006.4,5764.99,95.76,14.4,8.5,1,4,2,1
56754.37,19987.35,71.91,22.97,3.82,1,6,0,1
56644.5,17328.65,94.91,45.47,0.5,1,9,2,0
68434.67,500.0,100.0,41.22,9.36,3,10,3,1
81996.13,20586.1,78.9,36.31,9.78,1,4,3,0
36712.21,6860.11,82.42,29.82,6.14,1,4,1,1
57249.8,23828.27,75.72,61.21,9.41,0,12,1,0
92592.02,2617.79,77.84,28.94,5.61,1,3,3,1
43641.06,18360.08,100.0,57.96,11.27,3,6,3,0
41910.5,14602.04,69.95,22.43,10.97,1,6,3,1
64450.74,21637.22,70.69,44.81,0.5,0,4,0,1
78576.47,19496.37,100.0,22.43,1.42,0,7,1,1
60251.37,14938.03,89.49,57.31,15.13,1,5,0,1
89237.13,500.0,100.0,47.54,10.73,0,7,2,1
78849.47,500.0,76.59,57.94,1.95,2,4,1,1
78520.04,10993.36,83.52,18.02,0.72,2,3,0,1
72190.56,17900.64,74.07,24.22,7.83,1,5,0,0
111208.37,10701.02,83.72,20.52,2.43,1,5,5,1
55486.44,25502.54,60.71,10.34,5.73,2,8,2,1
18000.0,14649.35,90.22,14.5,6.81,0,7,2,1
95293.6,6419.85,85.88,34.39,6.64,3,5,1,0
49930.61,14662.84,81.31,23.92,11.51,2,9,0,1
62373.37,20710.32,77.32,32.36,14.34,1,5,1,0
88810.12,21898.62,71.26,24.48,5.08,0,7,3,1
24750.29,40540.55,90.73,23.3,2.48,1,7,1,1
32463.76,9973.09,67.95,39.11,8.56,0,4,1,0
24771.89,17118.26,88.14,20.89,13.53,0,2,1,1
42529.0,23113.49,100.0,26.68,5.39,0,5,3,1
69672.01,17718.92,99.83,12.04,10.4,0,6,0,0
71532.13,11992.58,63.94,20.28,3.65,0,6,2,0
66078.03,500.0,75.56,44.32,7.09,1,3,2,1
28919.15,11869.99,87.06,57.69,2.35,1,10,4,1
18000.0,5115.57,81.16,46.99,7.04,3,5,3,1
61195.78,500.0,65.21,55.35,6.53,0,3,1,1
49620.93,8451.85,86.62,6.77,9.43,0,2,1,0
70106.49,5434.9,81.88,25.33,14.11,0,10,2,0
75442.98,25005.44,100.0,15.04,5.44,5,10,0,1
63041.31,25213.1,78.96,23.32,0.5,2,5,1,1
76722.93,7153.45,96.02,4.85,6.19,3,5,0,1
65042.65,14877.26,66.79,20.29,8.2,3,13,2,0
71661.42,500.0,69.66,29.13,7.81,0,5,1,0
44497.19,12067.92,90.66,38.58,6.37,3,9,3,0
56048.55,22787.78,95.0,43.77,12.95,0,6,0,1
64329.07,27899.25,70.51,18.32,7.54,0,8,1,1
78051.63,9443.44,82.29,60.04,6.58,2,5,1,0
51337.69,30622.26,65.42,64.68,3.89,0,3,2,1
71465.68,500.0,79.83,71.38,0.5,0,7,1,1
54151.55,3028.47,92.04,65.87,8.32,2,3,2,1
57414.07,26515.94,76.78,31.54,7.98,0,5,1,1
78249.42,38053.45,79.01,29.76,2.76,1,9,2,1
18000.0,23921.18,68.44,12.62,6.82,0,7,3,1
31477.61,17515.89,74.22,49.51,6.42,1,3,1,1
27391.92,500.0,100.0,34.66,4.5,1,4,1,0
18000.0,500.0,82.88,71.59,3.83,1,9,0,1
45078.18,19552.91,69.97,20.29,8.62,1,10,2,1
76487.55,13703.25,78.22,36.38,6.1,1,7,2,1
53732.55,4729.98,62.83,27.57,4.64,0,7,3,0
64351.38,18786.39,69.83,33.3,3.55,0,6,0,1
83962.78,19381.58,98.32,69.39,6.48,2,5,1,0
89209.09,29332.99,80.29,15.95,10.7,0,3,2,0
58478.97,19639.23,100.0,25.59,7.83,1,5,1,1
89778.89,32740.73,80.86,31.96,6.05,1,6,3,1
62026.79,18095.93,81.57,40.75,8.23,0,8,0,1
41577.24,16615.98,89.69,21.71,12.46,1,8,0,1
46923.19,30771.75,49.93,44.28,8.96,2,5,0,1
27428.2,6258.71,84.46,27.67,8.04,0,5,1,0
40461.06,51773.37,81.41,54.54,9.55,1,6,0,1
52123.63,22503.09,99.83,11.2,6.37,1,8,2,1
77678.87,22569.95,93.58,4.08,7.74,1,8,2,1
97856.94,24301.15,68.4,26.24,5.04,0,5,0,1
29592.01,40525.64,96.91,36.91,0.8,1,6,2,1
68642.2,27510.09,78.85,13.79,8.37,1,6,0,1
37108.03,500.0,71.15,51.79,8.39,1,3,0,0
70443.34,34841.64,84.37,52.83,5.85,2,9,1,1
57116.09,13909.24,79.57,13.96,11.14,5,7,3,1
19720.07,19285.86,100.0,35.2,4.11,1,8,2,1
80422.53,2648.95,86.09,16.59,0.5,2,7,1,0
46689.98,24314.42,84.47,43.93,4.21,2,4,2,1
48254.19,10183.51,92.81,10.07,0.84,2,3,0,1
36465.45,19202.04,95.11,14.57,8.35,1,6,1,1
45605.77,14590.81,91.4,16.08,3.99,0,12,2,0
69413.59,41100.15,99.03,33.63,10.94,5,5,5,1
55836.62,41787.12,89.3,16.99,10.86,2,8,0,0
67230.56,18558.16,84.01,43.92,3.3,4,6,1,1
67962.28,18767.73,96.87,45.23,3.77,3,6,1,0
89054.56,13518.68,80.91,67.55,9.14,4,7,1,1
52458.7,31272.08,82.4,25.34,10.92,1,4,1,1
27509.13,14052.96,100.0,39.0,0.5,1,6,0,1
83478.89,12943.95,100.0,59.65,8.13,1,5,2,1
52707.26,29743.11,81.9,8.82,0.5,0,6,0,1
84521.03,11540.41,76.56,22.75,4.81,2,8,0,1
68434.3,17546.94,99.56,58.88,11.37,1,4,0,1
57114.97,500.0,91.61,40.79,19.04,3,5,0,0
67673.07,26450.28,85.79,26.3,6.04,2,7,1,1
102922.28,41290.4,78.14,11.2,2.01,0,2,2,1
105693.57,26654.7,85.98,27.78,4.95,2,7,0,1
61526.38,35541.59,81.74,13.27,7.26,0,3,1,1
63524.19,7846.77,74.03,53.14,4.32,2,7,1,1
83677.28,20835.89,83.55,37.54,3.3,2,7,1,1
41395.46,6682.08,85.19,29.31,5.29,3,7,1,1
67327.55,15266.81,77.5,39.1,8.58,1,2,0,0
59431.02,27266.54,92.85,15.17,6.32,1,6,3,0
66905.98,19221.85,97.47,41.11,3.47,1,3,4,1
41665.89,1048.31,93.64,26.31,4.32,1,1,1,1
25029.52,2219.65,78.69,51.0,5.34,4,5,1,1
18000.0,1426.03,91.07,32.86,3.0,3,6,1,1
35417.55,23897.43,82.94,37.75,4.17,0,5,1,1
49909.14,42766.73,67.17,67.56,9.57,1,6,2,1
53549.79,34349.5,90.07,4.2,6.08,2,5,1,1
102619.09,500.0,83.75,9.6,0.5,3,4,1,1
84331.85,35052.91,100.0,15.71,11.1,1,4,2,1
38834.0,29236.81,99.49,8.24,8.67,2,6,1,1
67649.59,500.0,90.53,21.24,1.47,3,3,2,1
51044.28,14361.58,84.99,5.0,5.54,2,4,0,0
53744.0,31146.27,83.96,15.04,3.83,2,6,1,1
64077.16,24605.2,69.96,54.32,9.71,0,7,1,1
73621.76,2290.86,61.13,15.0,5.51,5,8,0,1
52536.31,25328.91,71.53,44.76,6.71,1,3,1,1
83404.73,500.0,81.43,66.11,6.24,0,5,2,1
34877.36,15326.13,56.73,33.23,1.08,1,7,1,1
60139.46,31655.48,75.47,9.1,12.62,0,7,2,1
117148.82,18220.73,79.03,45.49,9.65,3,7,1,1
64907.75,12012.75,79.41,14.02,4.01,2,4,0,1
91530.72,28672.16,74.06,25.38,7.77,1,8,3,1
62013.44,29697.02,77.9,66.9,10.9,1,5,1,1
72777.1,33720.48,100.0,11.27,7.22,1,6,0,1
58750.77,28492.11,89.95,37.94,13.23,4,6,2,1
56251.03,30976.5,75.28,28.68,18.67,1,6,3,1
42851.39,26794.9,81.18,31.89,6.5,3,1,1,1
69466.63,21186.34,81.66,19.89,4.67,0,8,1,0
41266.18,19074.11,72.78,57.08,3.04,0,6,2,1
74642.88,15152.88,72.77,37.14,0.5,1,6,3,1
83876.31,3451.58,94.13,47.81,11.99,2,8,1,1
68063.69,6536.26,76.96,8.35,5.59,0,2,0,1
53702.53,14615.83,68.86,1.91,10.5,0,6,1,0
69987.24,20897.43,81.48,49.37,11.31,0,4,1,1
53209.19,35289.75,83.42,35.82,2.68,0,5,3,1
80582.04,17498.43,58.33,9.01,3.28,1,8,0,1
19709.07,30041.72,81.51,47.12,13.98,3,4,2,1
52616.64,30951.79,92.42,54.08,6.72,1,10,1,0
18000.0,15222.64,87.41,22.76,4.36,1,5,2,1
27108.66,25136.28,100.0,53.27,2.82,3,4,0,1
90004.97,15077.66,97.01,56.94,6.43,1,5,3,1
79694.07,33865.63,99.39,23.36,13.03,2,4,1,1
44171.43,25630.12,100.0,57.09,9.74,1,8,3,1
26944.92,3714.19,91.1,33.07,7.73,1,6,1,0
18000.0,19938.3,83.96,51.63,13.35,3,9,2,1
48043.1,37777.35,93.68,67.45,12.58,2,5,0,1
113249.13,15825.23,75.29,14.4,8.34,0,5,1,0
69567.45,23372.58,83.29,19.74,18.1,3,2,2,0
47689.41,24550.55,74.23,72.2,6.01,3,6,4,1
70231.76,5560.53,86.78,30.32,11.39,0,9,5,0
25658.92,24128.5,74.18,39.48,5.43,4,11,1,1
53458.89,1273.98,73.76,34.1,10.61,4,11,2,1
62188.5,10492.51,86.96,16.06,6.01,0,5,1,0
58105.79,30908.68,80.35,50.75,8.85,4,8,3,1
77397.73,22281.08,58.87,41.51,16.56,3,7,1,1
67582.19,14346.27,64.53,33.93,10.81,2,7,1,1
74703.17,23357.53,68.23,12.05,8.91,3,2,1,0
44855.81,17278.89,71.4,15.58,3.9,0,10,2,1
79751.94,18150.94,86.97,25.66,7.75,0,3,2,0
95836.61,25881.82,84.63,63.41,2.97,3,7,1,1
38656.71,9271.59,94.78,65.25,10.55,2,8,0,1
40470.7,18484.04,91.03,30.4,10.45,2,10,1,0
89387.26,14252.78,94.86,9.57,6.28,2,4,1,0
55790.43,500.0,89.3,34.76,13.65,0,7,0,1
90884.07,6954.53,84.52,31.1,13.09,0,5,2,0
50264.21,36818.48,95.19,48.43,7.6,5,10,2,1
92011.0,22616.68,93.03,53.65,9.26,1,3,3,0
62892.69,2116.94,86.51,18.08,4.65,2,7,2,1
65681.03,500.0,97.25,11.21,5.91,1,5,1,1
94423.8,16654.03,53.85,50.76,2.69,3,6,0,1
52041.05,36734.24,78.51,43.25,5.09,2,8,1,1
39295.31,15758.9,78.33,41.13,6.58,3,1,1,1
50131.59,33683.99,95.83,6.89,0.5,1,4,1,1
69951.35,22223.17,100.0,25.06,9.31,2,4,0,0
25553.3,23655.01,64.6,17.25,11.09,1,4,1,1
74024.36,1971.35,98.93,20.72,6.97,1,3,3,0
48147.03,29250.28,67.94,17.51,0.5,0,7,0,1
85251.88,13980.82,68.31,39.37,5.99,2,5,0,1
18000.0,28357.11,79.19,6.33,1.43,2,7,2,1
42695.55,8229.96,78.18,43.78,4.56,2,12,3,1
22897.7,20124.59,63.3,21.79,12.81,1,6,1,1
41822.95,22224.04,89.8,23.93,0.5,2,3,1,0
65448.65,16151.6,90.15,61.09,3.73,2,5,3,1
56057.01,22854.54,94.65,21.43,10.32,3,14,2,1
54425.69,14803.24,76.8,25.28,4.19,0,8,1,0
56497.93,10211.28,81.53,23.91,3.89,2,5,0,1
64474.54,37265.8,81.63,71.97,15.13,1,4,3,1
37812.21,30587.43,100.0,19.39,8.51,0,8,1,0
75550.69,8869.62,47.99,37.92,10.74,3,8,1,1
74578.65,24821.33,70.52,17.84,8.98,3,10,4,1
68470.83,9087.85,82.07,17.43,7.65,1,4,1,1
72243.74,3783.78,68.97,8.83,12.06,2,4,0,1
66521.2,30405.71,78.9,19.3,14.62,2,9,3,1
104771.61,500.0,80.49,8.64,0.5,1,7,2,0
58083.93,29122.27,74.11,21.96,6.86,0,7,2,0
53244.17,14967.33,82.77,5.92,6.83,0,2,1,0
43422.39,15461.44,89.54,35.58,5.28,4,9,0,1
37290.22,22917.01,79.16,53.62,10.92,1,7,0,1
32621.62,24974.39,76.56,34.26,8.03,1,5,1,1
40446.46,8083.88,80.01,9.3,14.7,1,10,1,0
58445.03,26612.71,81.91,29.06,11.4,2,3,0,0
67354.49,19360.45,61.12,10.05,12.46,2,4,3,1
61125.13,2927.34,87.54,13.21,2.2,1,4,3,0
43158.22,15961.51,76.59,46.39,3.78,0,11,3,1
79804.06,34575.35,97.14,18.3,4.11,1,7,3,1
76267.08,38119.14,89.09,26.15,12.29,0,7,3,1
56487.74,26608.18,96.04,66.6,3.13,1,6,2,1
45635.84,3715.88,69.87,5.26,3.25,2,2,1,1
72065.41,23887.28,77.54,55.68,2.51,2,9,0,1
64135.42,28210.33,67.09,46.05,18.01,2,8,2,1
28141.2,26708.5,73.54,59.44,6.43,0,5,1,1
58504.43,27419.45,97.03,30.05,9.12,1,3,2,1
65764.79,22359.16,99.85,66.8,2.44,1,3,1,0
40206.71,17131.05,68.22,14.38,10.84,0,6,0,0
64176.55,10699.59,76.5,48.28,0.5,1,9,1,1
27993.91,500.0,81.09,35.95,3.08,2,5,3,1
89396.09,22075.7,89.03,1.78,4.07,2,4,1,1
87454.9,20232.63,60.88,17.18,7.88,1,6,0,1
54444.62,24690.91,62.76,39.66,3.83,0,10,1,1
67996.0,1949.48,87.88,54.6,13.1,3,7,1,1
18000.0,25740.2,58.61,80.66,9.01,4,7,5,1
34560.35,42654.54,76.64,51.39,4.24,2,7,3,1
53536.86,18941.4,83.95,32.98,10.99,0,10,3,1
36413.07,17260.02,86.99,10.09,5.43,1,6,2,1
75716.72,21708.03,80.3,5.84,4.64,5,5,0,1
103940.52,42388.04,77.61,38.63,10.58,3,8,2,1
34114.48,5716.23,92.13,31.74,0.5,3,6,3,1
41575.81,20438.48,85.42,30.49,9.94,2,9,2,1
65179.86,8404.11,74.24,48.81,4.15,2,8,3,1
95444.56,11435.94,82.45,51.21,4.14,0,8,3,1
33107.77,17404.92,86.6,5.2,14.83,1,6,4,0
65478.79,34167.88,100.0,38.22,4.88,1,7,4,1
100068.57,39611.89,91.44,49.1,10.82,2,5,0,1
23661.3,23377.71,96.57,12.25,8.12,2,11,1,1
31816.48,13480.86,74.67,3.14,8.53,1,4,3,1
50680.65,47912.87,75.71,50.18,6.0,3,4,1,1
48547.05,12869.35,79.18,54.37,5.79,4,6,1,1
77877.23,11146.37,80.28,25.03,13.11,1,8,3,0
65316.51,500.0,69.9,19.51,10.72,0,8,2,0
20950.83,34753.1,97.19,41.58,5.0,1,6,2,1
71339.03,29618.95,92.6,25.72,2.82,0,7,0,0
47294.14,47013.67,78.33,31.39,4.66,1,6,4,1
88037.84,1325.72,89.7,6.08,10.93,2,7,1,1
46193.07,35498.05,84.67,12.43,11.71,1,5,3,1
45994.46,18841.63,90.64,40.1,9.22,1,7,0,0
71904.9,27673.2,65.87,29.64,0.53,2,5,2,1
76784.38,500.0,80.25,53.51,10.02,0,7,3,1
69858.19,35616.98,81.3,24.6,12.21,1,5,2,1
22916.86,27438.2,89.48,9.63,7.69,2,10,3,1
71836.76,17533.08,74.46,27.66,14.92,2,3,0,1
37245.22,25741.35,52.0,40.5,1.72,2,5,3,1
65176.07,8814.06,69.02,31.93,9.74,3,5,1,1
28677.84,11046.72,81.27,74.69,2.92,2,8,3,1
69819.09,12438.66,82.77,73.14,11.23,1,4,1,1
42254.82,500.0,100.0,61.06,9.45,1,9,1,1
31782.04,28341.1,88.99,60.83,14.21,2,5,1,1
75704.04,32299.12,82.98,61.11,9.0,1,2,2,1
65316.18,9583.87,81.61,56.96,5.38,1,5,1,1
46492.51,22178.44,95.25,20.42,5.04,0,6,2,0
91925.93,14813.51,74.92,24.38,6.0,2,5,1,1
50305.65,21939.29,80.32,38.72,4.96,3,7,3,1
60706.37,10469.07,68.93,43.53,12.39,2,10,0,0
65916.1,7398.9,99.03,56.9,12.1,1,10,3,1
46367.35,30624.9,86.71,39.24,1.01,1,6,1,1
70365.0,17233.55,73.51,27.92,7.15,1,7,2,1
48264.05,42265.31,80.63,18.92,7.25,1,4,2,1
50943.96,18555.72,88.12,36.15,3.87,2,3,4,0
89978.14,6887.06,78.99,22.36,8.75,0,4,0,0
37107.11,32723.29,75.59,21.37,12.84,1,7,0,1
18000.0,25569.6,74.15,26.24,10.57,0,8,2,1
95440.61,26722.47,86.07,16.58,12.39,3,6,0,1
116085.21,32287.21,77.7,25.56,4.13,2,6,2,1
51084.08,10166.44,76.55,36.25,7.15,1,4,1,0
18000.0,16472.96,65.97,22.33,3.94,0,8,4,1
53169.35,15942.6,82.93,66.29,7.96,2,7,1,1
53703.1,2511.04,79.83,46.6,8.32,1,5,2,1
55821.68,14836.92,78.14,45.25,10.84,1,5,1,0
35505.46,34036.55,84.39,36.3,12.25,1,4,3,1
72750.35,20848.06,90.98,12.43,9.76,1,3,0,1
71539.16,1847.26,90.42,36.5,3.56,2,6,1,0
27123.08,500.0,88.63,57.11,1.59,2,8,1,1
75382.33,37977.31,79.11,17.16,9.08,3,7,2,1
105159.07,16916.17,75.2,12.16,13.0,3,6,3,0
63783.13,10231.08,69.47,27.52,6.9,1,7,2,1
52578.85,14712.1,74.88,18.75,0.89,0,9,3,1
56875.93,500.0,82.24,42.38,15.34,1,4,1,0
73535.65,35077.14,72.56,28.93,8.96,4,6,1,1
21925.22,13283.36,83.15,51.91,7.68,1,9,0,1
63616.6,34408.82,70.41,4.97,2.33,2,4,3,1
51409.79,18619.82,62.07,61.78,7.06,0,4,2,1
100652.15,35154.38,91.83,29.69,9.75,0,3,2,1
56168.2,21080.33,76.31,32.97,9.01,1,8,4,1
96693.53,28238.79,71.96,40.86,4.28,1,4,0,1
35717.7,26629.12,68.87,12.78,6.77,0,5,1,1
72919.7,25479.49,87.08,41.61,4.54,2,4,4,1
67026.81,22175.21,98.5,32.1,13.66,1,8,2,0
40880.96,15205.79,77.16,39.53,10.58,3,6,1,1
63902.71,40985.22,79.41,20.9,4.9,1,6,5,1
86675.41,7116.76,94.86,19.2,2.33,0,11,2,0
52876.58,18051.69,60.27,9.06,8.11,1,2,2,1
22776.82,18178.63,100.0,27.71,5.03,0,7,2,0
59613.62,22829.29,100.0,7.32,5.33,6,10,0,1
40146.69,12846.33,49.52,92.87,2.46,3,8,2,1
52468.5,21776.96,80.83,59.25,2.95,1,4,1,0
58205.07,15973.89,73.37,23.03,7.65,2,9,0,0
22475.65,500.0,78.82,21.29,5.93,2,7,0,1
24455.52,18114.63,76.98,37.92,16.99,1,10,1,1
70605.47,4793.22,91.74,19.4,9.38,1,11,1,0
48500.19,500.0,80.65,68.49,2.39,1,5,1,0
18000.0,19642.48,71.07,32.3,0.86,2,3,3,1
77266.57,23854.6,79.93,50.12,8.59,2,7,0,1
65992.13,24320.38,88.18,31.27,5.41,3,10,2,1
44294.75,24806.05,67.8,49.14,12.33,3,6,2,1
31029.74,500.0,62.25,42.32,8.13,1,6,1,1
78387.77,1667.8,100.0,31.93,0.5,1,3,0,0
67685.71,41682.26,74.29,25.41,2.92,2,7,0,0
112417.25,5433.49,80.35,21.05,4.3,2,5,1,0
69244.15,25330.09,77.23,16.68,8.77,2,7,1,0
68529.47,9756.75,88.58,68.0,2.79,0,4,1,1
56327.59,18956.07,100.0,26.77,7.61,4,7,1,0
77969.07,10400.95,88.96,11.6,1.66,0,14,2,1
73751.87,24738.49,63.78,12.33,7.02,1,6,0,0
87537.95,19641.29,65.39,43.57,8.48,1,8,0,1
48530.9,12620.52,77.21,18.95,12.85,1,8,5,0
50421.04,5397.93,78.78,59.73,7.98,0,7,2,1
49459.73,21213.29,61.34,14.07,3.73,1,5,2,1
77397.64,3447.37,91.83,47.6,12.97,0,4,1,0
92964.24,23129.77,68.96,42.01,6.27,2,3,0,1
49905.51,49517.82,99.92,62.93,10.09,1,5,1,1
50654.98,34202.04,100.0,15.47,4.55,1,5,0,0
66909.7,26620.17,79.02,20.17,7.36,3,6,0,1
54593.25,16972.71,87.27,9.66,3.79,2,4,0,1
80945.18,500.0,67.22,31.92,8.29,1,6,2,0
18000.0,2132.56,89.48,9.61,10.22,0,2,2,0
41812.49,33393.51,76.02,22.3,5.02,0,2,2,1
42786.84,8522.93,68.95,38.54,4.8,1,8,1,1
18000.0,9608.97,78.53,20.15,8.43,1,8,4,1
38799.95,16012.19,76.41,8.86,3.7,1,5,1,0
39866.57,5255.44,78.1,24.51,0.93,1,5,0,1
55575.7,3278.78,93.4,41.79,8.41,3,6,2,1
84485.25,17394.31,72.58,19.29,6.57,1,10,0,0
54608.67,7301.65,100.0,28.61,6.48,3,9,1,0
37322.1,9107.78,66.1,19.22,9.08,1,5,1,1
58747.0,8625.71,100.0,56.39,9.64,2,2,2,1
83081.82,24268.32,69.8,38.63,6.36,4,7,0,1
38528.91,15214.49,81.99,71.81,2.51,1,7,1,1
39967.35,15857.14,76.12,51.51,4.45,1,9,0,1
72288.08,25163.35,77.88,19.04,9.34,2,2,2,1
55126.21,16295.52,91.62,18.93,7.55,0,3,4,1
74244.66,14660.95,100.0,79.1,4.8,1,11,3,0
59699.77,23645.4,96.29,33.35,3.86,1,7,0,0
75436.6,26018.37,77.14,40.5,9.47,1,4,2,1
37228.28,16235.12,84.21,57.91,6.11,0,5,1,1
59734.14,18967.29,72.62,64.38,10.01,2,5,2,1
55364.82,8618.52,70.1,25.9,10.52,2,9,1,1
33250.4,7671.8,68.24,26.15,5.75,0,4,2,1
25603.49,27229.77,76.75,47.73,10.8,1,5,0,1
75086.48,23339.3,85.0,8.66,7.55,0,6,1,0
52279.05,23463.58,59.06,31.92,8.07,1,1,1,1
37509.83,21370.25,81.44,32.49,0.5,3,5,1,1
57884.06,18554.44,100.0,47.84,3.12,2,15,1,0
84816.41,26356.94,95.46,30.68,3.33,1,6,2,1
18000.0,29221.31,74.98,36.91,5.73,3,8,2,1
27073.95,28934.74,65.24,36.55,7.46,0,4,0,1
39696.5,16790.67,87.52,18.64,7.62,0,3,1,1
92145.94,34643.91,54.19,25.05,8.14,2,9,0,0
66216.91,20741.53,95.32,38.2,4.26,0,5,1,1
76880.98,25588.51,79.44,67.36,9.77,2,8,2,1
34916.46,21385.05,100.0,30.91,14.24,2,8,1,1
35370.21,20964.08,61.28,30.74,5.59,5,3,1,1
69851.9,9170.98,93.02,43.07,4.35,2,3,0,1
61282.04,26416.21,80.79,20.71,4.26,3,1,1,1
72072.25,52143.53,78.03,40.2,7.34,3,13,2,1
55871.24,13502.46,65.56,36.57,4.9,0,6,1,1
66119.16,18851.94,89.15,52.53,0.5,0,5,1,1
63478.62,12645.54,90.11,22.31,1.17,0,7,2,1
77110.88,12143.76,100.0,28.85,11.08,0,5,1,1
77754.18,36533.39,94.1,60.49,12.13,1,9,2,1
24362.82,9924.35,74.87,65.54,13.4,2,7,0,1
18000.0,12311.03,69.95,17.51,7.91,2,5,3,1
82038.4,500.0,65.58,40.83,3.04,2,8,2,1
86129.95,8908.66,99.68,77.6,5.25,1,6,1,1
37546.29,500.0,72.66,64.54,1.03,1,9,2,1
19083.62,25581.66,99.76,43.93,0.88,2,4,2,1
62178.77,51596.37,88.3,32.65,8.02,0,6,3,1
80478.44,13599.85,85.96,36.41,9.16,1,2,4,1
99547.08,500.0,78.32,5.53,14.83,3,3,1,1
71358.55,28800.0,89.93,17.27,6.67,2,6,1,0
51822.23,9276.9,81.81,54.56,1.57,2,3,2,1
40351.13,33592.16,77.57,23.69,6.51,2,4,0,1
60251.93,14615.65,90.35,28.23,5.87,6,4,0,1
53416.18,10418.21,80.27,21.69,5.04,3,7,3,1
37668.51,15864.51,72.42,13.58,8.37,3,16,2,1
105072.62,27093.32,89.2,16.27,2.14,3,5,1,1
99273.7,15270.95,81.23,36.78,7.52,3,8,2,1
84993.07,12039.3,87.87,41.23,9.61,2,5,1,0
39741.29,15614.02,76.55,14.87,12.68,3,7,2,1
78810.43,2737.74,67.49,23.14,8.24,2,5,3,0
74071.78,22764.38,100.0,21.37,11.17,1,2,0,0
69736.0,500.0,100.0,18.88,5.22,0,7,3,0
87492.64,12670.54,92.61,27.88,5.78,2,8,2,1
73978.17,27112.62,77.35,49.75,12.39,2,7,2,1
76280.31,21636.58,78.4,38.5,1.51,1,9,0,1
74011.94,25083.85,98.59,27.58,5.39,3,7,4,1
67497.41,17219.45,77.75,34.92,11.51,3,8,1,0
20760.56,32036.95,74.41,54.9,6.16,2,6,1,1
61839.66,29096.39,100.0,37.0,5.86,0,5,0,1
47763.78,23353.69,81.43,44.82,5.94,2,6,1,1
31843.5,29130.55,100.0,22.22,7.47,1,9,0,1
96999.97,27005.08,65.22,11.27,11.34,4,7,2,1
98037.9,12726.44,88.22,4.14,10.7,1,7,2,0
89902.85,1873.21,100.0,21.63,7.05,0,4,0,1
65614.7,23044.35,82.36,38.64,11.37,1,4,1,1
89713.75,24553.07,78.83,34.5,8.37,2,12,2,1
60265.17,31085.66,67.99,9.96,10.44,2,4,3,1
64461.54,6764.14,94.99,15.59,2.89,0,3,0,0
35943.63,7122.83,72.76,45.63,13.95,4,4,3,1
68733.81,23518.8,80.86,31.22,7.88,0,8,2,1
61328.49,17146.0,67.19,42.57,0.5,1,4,0,1
31341.65,500.0,100.0,77.61,13.64,2,9,2,1
58873.66,22501.3,95.86,35.02,7.02,2,6,2,1
58245.95,500.0,81.62,25.25,5.42,4,7,0,1
99546.35,6656.92,68.15,31.32,4.58,2,3,0,0
79672.69,34220.18,100.0,33.44,8.76,0,8,1,1
60251.8,39898.55,77.61,40.99,3.45,2,6,1,1
65473.32,3412.12,68.74,34.84,4.69,0,2,3,1
60972.67,14047.3,60.85,73.4,4.79,0,5,4,1
55535.89,18511.47,74.25,27.54,5.83,1,10,0,1
36186.6,39374.72,64.54,81.96,4.94,6,6,3,1
56676.86,12085.57,74.53,35.99,10.41,2,3,2,1
43585.84,12277.39,90.93,16.07,8.08,0,9,2,1
32493.06,36584.71,77.5,16.21,8.57,3,8,3,1
71246.88,13502.53,86.27,42.78,9.44,3,4,0,0
68607.82,26666.42,73.32,21.62,6.63,1,6,4,1
20692.43,500.0,82.78,57.02,2.92,1,7,2,1
57300.94,15945.21,100.0,16.8,14.22,1,2,1,0
81905.43,500.0,77.82,10.18,10.71,4,2,1,1
83302.92,5334.79,86.61,13.47,13.45,1,4,1,0
82568.41,28070.42,63.21,58.24,11.14,1,3,1,0
60856.09,17401.14,100.0,11.85,5.16,2,8,0,0
41409.0,14170.73,76.27,49.46,0.5,2,5,0,1
36158.63,9015.0,94.61,47.6,2.08,2,11,2,1
67581.31,15352.13,80.52,61.79,9.55,3,8,3,1
68344.16,21613.36,89.34,55.86,6.59,3,5,2,1
88321.28,29794.99,90.05,24.94,5.32,1,3,0,1
84199.55,500.0,76.57,41.86,0.5,1,4,2,1
57090.97,8018.87,95.1,47.56,6.95,2,4,2,1
32627.47,19909.15,72.89,58.81,2.67,3,8,0,1
52979.65,16813.64,91.34,7.31,4.1,2,5,2,1
64779.09,22840.51,77.32,14.66,10.4,3,4,0,1
55554.17,21210.48,86.19,23.57,2.88,1,8,1,0
47286.33,14341.59,76.46,30.19,3.27,1,6,0,1
65563.47,11677.76,82.6,66.16,7.74,0,5,2,1
48912.93,15053.98,69.1,41.44,10.49,2,4,0,1
46182.55,31784.91,84.97,30.99,5.39,1,6,2,1
66851.96,9215.9,82.53,40.36,12.87,0,9,1,1
51156.16,17246.32,75.52,44.28,1.89,1,15,0,1
65370.3,20200.11,81.34,36.13,1.18,3,6,3,1
66010.49,36724.21,83.61,51.87,0.84,3,4,2,1
34932.56,14396.3,74.6,22.57,0.5,0,6,0,1
49412.7,29505.68,80.45,50.69,8.35,0,7,1,1
91631.09,32783.75,69.93,9.27,3.09,2,5,1,1
34434.25,17234.95,100.0,22.63,1.36,0,7,1,1
18000.0,15471.37,94.71,76.36,8.52,2,9,0,1
19039.41,14051.36,85.28,51.36,10.3,3,5,0,1
60640.42,14930.12,96.07,59.39,11.2,3,7,1,1
60680.18,28250.88,58.25,43.5,10.5,3,5,2,1
57412.56,20772.12,51.31,46.77,3.33,0,7,2,1
86712.18,20823.48,77.21,56.66,8.1,1,4,3,1
18000.0,4497.32,65.46,31.73,8.99,2,6,0,1
68710.55,6390.12,79.16,22.81,5.1,1,5,0,1
94351.64,43721.36,84.47,20.05,7.66,0,9,1,0
35188.82,15866.09,93.04,47.5,1.99,0,6,4,1
51644.26,8702.74,68.34,9.82,4.49,1,7,0,1
43436.38,35173.19,86.8,44.15,8.49,4,6,1,1
40324.39,21381.7,82.17,62.39,13.03,3,6,1,1
52822.24,24937.86,86.17,19.41,11.61,0,4,2,1
91404.68,16343.44,75.76,25.52,9.64,0,3,1,0
100422.51,14175.92,98.6,42.27,7.32,1,4,2,0
52609.34,15964.96,80.76,14.61,6.7,1,7,2,1
101911.32,1407.14,100.0,36.5,1.21,1,3,0,0
60782.68,16944.87,72.52,44.54,3.66,1,6,3,1
98581.2,21552.4,90.91,30.43,3.79,3,5,1,0
57947.43,40205.56,81.28,47.04,9.3,3,6,0,1
62883.27,19031.99,78.07,58.77,10.78,3,4,1,0
68040.44,500.0,89.59,16.59,9.95,2,5,3,0
129934.78,16872.17,78.41,48.38,11.73,1,4,0,1
78728.28,50874.05,50.06,28.86,7.29,1,11,2,1
44440.18,28396.39,45.25,38.55,3.07,6,4,2,1
81317.95,8269.33,97.27,16.89,6.8,1,1,2,1
52039.68,25093.28,96.76,40.81,4.1,2,1,1,1
49225.5,9095.84,100.0,25.77,9.63,0,6,1,0
79989.23,1754.31,81.79,37.32,5.56,1,5,3,1
60683.88,13819.57,66.49,29.89,6.61,1,8,2,1
66128.67,19098.32,76.96,39.66,9.77,4,5,1,1
60307.67,500.0,82.14,58.64,4.04,0,10,0,0
67404.83,4210.09,69.92,53.52,10.86,1,8,1,1
69349.25,18124.03,100.0,49.96,1.61,2,5,0,1
18000.0,13101.92,100.0,32.7,8.23,2,13,2,1
74664.6,22737.74,87.74,32.03,6.64,3,4,0,1
38395.57,3423.98,81.87,7.15,10.31,2,6,1,0
28269.42,26569.36,66.46,28.75,1.5,4,9,0,1
58714.95,3794.89,100.0,50.74,0.88,1,8,0,1
61847.58,37712.81,82.92,63.32,10.0,1,8,1,1
44742.86,500.0,78.53,54.71,5.44,0,10,4,1
78282.7,4889.35,87.77,9.73,6.64,2,4,0,1
30472.15,23008.45,74.97,14.1,4.36,4,5,0,1
51047.24,37970.8,83.76,27.48,10.65,0,8,1,1
47132.77,21780.52,64.69,70.79,8.2,3,6,1,1
58975.08,24754.3,95.05,9.96,7.96,1,12,1,0
66135.01,18210.44,80.75,43.12,2.32,0,6,1,1
37826.36,5683.22,95.91,32.5,9.01,3,6,0,1
75934.22,12118.34,79.59,39.04,3.03,1,5,3,1
61386.05,3457.08,80.37,41.7,4.37,1,8,2,0
18377.18,2655.48,67.45,14.94,1.54,3,10,1,1
18000.0,22820.99,91.12,20.66,6.37,2,6,1,1
59728.98,4521.86,71.49,40.94,11.26,4,4,1,1
55138.72,21834.65,76.16,32.68,7.91,1,6,1,1
57724.76,2378.13,82.01,48.89,5.23,2,3,2,0
59384.39,21556.6,83.45,28.68,7.44,2,6,0,1
64962.32,12135.81,61.53,70.33,7.41,2,4,1,1
80848.29,34879.39,79.23,32.9,7.26,0,4,0,1
35555.69,21884.63,91.54,54.16,7.71,3,3,1,1
34216.62,32829.39,77.46,18.55,2.84,0,5,2,1
35946.88,8932.24,79.3,22.74,7.43,1,10,1,1
66356.17,18673.72,83.95,46.14,0.5,2,7,4,1
87388.84,6226.95,80.49,30.5,9.3,4,6,1,0
50510.53,13036.74,69.63,37.09,2.59,3,4,1,1
18000.0,14854.75,81.56,88.64,11.71,2,6,1,1
22512.16,9289.7,93.93,43.83,0.5,1,6,4,0
41673.19,3413.97,69.39,32.32,13.7,1,4,1,0
47729.96,1037.79,77.51,49.91,0.5,1,8,1,0
51015.45,500.0,65.42,44.19,2.2,1,3,1,0
60848.78,5323.84,93.3,46.46,8.2,1,6,2,1
53141.58,25529.93,80.89,28.12,9.47,2,7,3,1
83085.47,500.0,71.8,25.16,5.87,1,6,0,1
45127.62,1582.53,83.11,12.76,10.57,1,6,2,0
41029.0,39490.78,67.56,21.29,3.81,3,6,1,1
70535.26,10362.05,69.6,35.89,5.4,1,4,1,1
26215.87,21852.55,64.48,48.71,5.79,1,4,1,1
68573.22,25707.81,69.2,62.63,4.85,0,3,0,1
62256.17,25950.31,98.29,3.33,0.5,0,11,1,0
56756.27,500.0,73.2,7.07,6.9,3,7,1,1
94942.07,15227.28,87.59,8.6,6.54,2,6,3,0
46311.44,500.0,71.96,56.32,11.31,1,5,0,1
105326.56,47355.81,91.11,46.09,1.86,2,6,1,1
55040.51,500.0,69.69,33.15,4.44,1,7,0,0
31905.64,5425.92,82.47,26.07,11.81,0,6,2,1
61538.23,5512.79,82.63,43.43,8.17,1,5,0,1
36322.61,500.0,100.0,22.5,9.2,1,6,2,0
43461.37,34231.13,89.57,10.83,8.81,1,6,2,0
68734.73,47069.37,74.89,69.21,8.83,1,7,4,1
72222.81,12291.01,90.22,35.02,14.28,2,4,2,0
46312.31,2154.92,100.0,18.68,7.37,1,5,2,1
81722.91,500.0,62.44,27.66,2.95,1,8,1,0
85465.17,15070.7,71.89,51.97,9.56,3,5,3,1
91598.64,14203.61,79.16,46.11,4.73,0,7,4,1
71647.09,10184.45,76.99,20.41,6.56,1,5,0,0
89995.43,20656.5,78.01,21.89,8.48,2,4,1,1
18622.43,22742.08,66.35,61.25,3.71,1,6,3,1
53006.06,21877.0,98.85,41.46,4.96,3,8,2,1
40925.88,14206.5,64.93,45.04,8.9,1,6,0,1
62622.97,4780.54,79.6,21.13,4.81,2,2,1,0
47428.12,25990.0,94.55,9.2,10.89,1,7,2,1
56344.53,18150.17,81.64,26.98,3.06,2,6,2,1
101407.85,28660.29,70.25,34.81,3.04,1,7,0,1
56266.16,27480.91,65.82,47.95,14.62,2,7,0,1
69103.43,938.86,79.24,32.97,0.88,4,6,2,1
54890.07,789.33,72.92,4.67,6.89,3,4,1,1
61665.69,8933.51,84.46,43.23,14.41,1,2,1,1
60132.37,5324.82,65.18,36.2,6.89,2,11,2,1
69863.13,27063.02,91.76,16.1,12.39,3,8,2,0
85636.77,22215.72,83.39,40.66,9.61,1,9,3,1
96242.67,31190.21,84.28,76.21,6.97,0,5,0,1
66811.64,22757.84,99.29,58.49,6.48,1,7,1,1
72970.03,20503.79,76.75,62.38,0.5,1,4,3,1
34680.98,32396.76,73.29,19.63,5.72,3,10,0,1
58066.71,23636.73,75.43,42.55,7.93,2,4,3,1
80686.37,18817.21,79.69,5.87,7.93,1,4,0,0
79051.31,35765.44,80.91,29.64,16.86,3,6,3,1
64655.41,19382.17,72.03,34.88,8.12,3,8,2,1
79500.67,14347.91,57.72,42.51,9.52,0,6,1,1
70796.87,7946.12,75.27,46.42,11.66,0,4,0,1
86406.74,26436.31,86.32,42.27,9.16,0,3,2,1
66365.9,32844.61,83.64,21.21,6.66,2,6,0,0
52174.64,17392.95,96.39,26.28,6.68,5,5,0,1
67388.51,33694.99,100.0,32.25,5.6,2,7,3,1
18000.0,500.0,91.11,34.26,8.78,0,6,4,1
68423.49,17334.56,98.59,84.95,6.32,3,12,1,1
18000.0,17518.86,91.2,54.1,9.5,2,4,2,1
22083.81,9276.07,100.0,22.05,2.96,2,7,0,1
69938.91,46606.33,100.0,46.47,7.59,5,2,4,1
70505.65,17205.69,93.41,5.83,13.21,0,5,3,0
34426.57,13107.23,90.48,31.96,6.1,3,7,3,1
44333.76,18311.55,79.54,17.51,14.37,1,9,0,1
90151.9,500.0,81.5,35.42,7.65,0,5,0,0
49351.34,8881.58,77.95,37.18,6.77,1,4,3,1
109344.25,29798.88,89.46,46.09,7.47,3,2,1,1
59957.76,10452.66,73.36,43.3,5.75,1,4,1,1
68976.8,8053.5,79.71,3.86,0.5,2,5,1,1
95571.24,33714.31,53.74,11.06,10.52,0,6,3,1
62882.6,34083.05,100.0,28.22,15.77,2,7,1,0
37948.43,24203.89,79.35,39.29,8.92,4,7,1,1
57586.0,12538.59,87.47,26.35,9.17,2,6,1,1
59216.56,15126.35,99.49,32.61,6.27,1,5,2,0
29975.68,8350.2,85.6,27.66,11.63,0,10,3,1
54371.69,6062.72,99.33,32.12,6.84,0,10,2,1
43671.77,5467.0,67.1,31.87,8.07,4,5,0,0
80335.87,10583.35,100.0,2.27,0.74,1,7,3,0
60761.46,5583.35,95.05,62.14,4.88,3,9,0,0
53778.49,500.0,84.51,19.92,8.47,0,2,4,1
57664.0,20632.83,99.1,23.51,10.63,1,10,5,1
64908.68,20815.15,67.98,62.08,10.74,2,6,0,1
73569.91,38409.51,78.54,15.11,0.68,0,8,0,1
38006.33,9979.94,99.33,13.68,1.09,3,6,3,1
37085.07,21553.21,59.6,43.5,9.34,3,7,1,1
84302.94,21752.55,88.73,21.15,4.01,3,7,3,1
50928.59,14953.95,88.39,34.38,10.58,2,4,1,1
28829.47,26932.0,100.0,29.11,0.5,1,2,1,1
69763.88,27302.75,63.0,53.39,6.61,0,3,0,1
70194.14,21928.93,100.0,13.12,6.86,0,10,1,1
26324.26,14932.32,75.29,48.71,8.92,1,7,1,1
65048.6,13709.64,76.64,39.21,2.88,3,8,5,1
76182.83,1586.95,67.34,23.06,0.5,2,5,5,1
68236.5,8328.99,68.95,2.27,7.69,3,8,1,1
73903.59,10535.91,86.84,14.17,9.11,4,3,2,1
29106.08,4512.34,68.65,4.86,11.03,3,7,0,1
67282.88,23279.09,90.88,46.89,5.57,3,4,1,1
53342.37,32359.53,74.04,40.78,10.1,3,8,1,1
49378.62,7103.25,67.44,72.52,8.94,2,3,3,1
79152.22,21401.3,75.67,35.64,12.29,2,7,1,0
92544.04,5590.67,86.04,13.4,6.78,1,9,3,1
99476.14,14340.93,78.67,39.78,0.5,2,5,2,1
88925.77,9716.05,82.41,36.06,6.73,2,7,4,1
57585.85,25222.75,90.35,42.18,7.35,2,9,2,1
67759.84,9854.54,94.99,32.47,9.07,2,4,0,1
76870.1,30139.92,78.28,52.5,0.87,0,5,2,1
62665.91,15051.35,69.47,22.32,5.75,0,3,1,0
62876.81,10204.76,82.91,39.22,10.47,4,9,2,1
78122.57,2960.34,87.65,24.47,6.58,3,5,1,0
58695.78,21038.45,64.47,29.34,5.78,2,6,3,1
43955.69,28742.62,71.31,25.91,14.63,3,3,4,1
50881.59,21279.86,73.37,36.1,2.72,1,11,2,0
73946.03,44865.98,79.51,39.58,11.93,3,1,2,0
60065.85,35157.45,72.87,42.66,11.08,1,4,4,1
67484.62,14309.67,90.48,24.67,6.1,1,5,1,0
74741.74,14183.67,62.74,33.43,6.87,1,5,1,1
51753.49,23636.36,63.04,28.56,6.85,1,5,4,1
76637.46,7943.77,77.99,15.21,7.73,0,2,1,0
68334.54,31995.46,79.89,21.8,4.62,4,9,2,1
32834.11,22339.21,64.54,39.4,5.29,3,10,1,1
91730.71,21077.51,74.72,64.34,5.58,2,9,2,1
48983.62,26243.44,77.19,15.64,5.71,0,6,2,1
23587.9,38673.96,77.28,29.86,5.76,2,6,1,1
37009.04,20051.46,83.82,57.82,0.5,2,3,1,1
37537.01,16643.52,74.06,16.78,7.39,4,11,1,1
61147.81,36104.64,99.73,22.2,4.89,2,3,0,1
53975.29,29610.6,87.86,41.37,0.5,1,9,1,1
52589.7,14148.24,72.31,40.53,5.6,2,8,1,1
73633.44,18062.24,83.13,75.38,5.48,2,4,2,1
67477.26,20344.57,83.49,33.01,12.1,1,6,4,0
66953.05,22341.76,96.58,36.89,4.84,1,7,3,1
69016.23,1720.8,74.8,31.15,9.67,2,6,1,1
73554.96,500.0,91.21,36.29,12.53,0,7,1,1
18000.0,7351.32,82.5,6.3,4.49,4,6,1,1
51982.36,6423.14,99.9,41.68,6.81,0,8,1,1
18000.0,10274.11,97.49,30.7,13.91,0,9,1,1
60793.32,25616.53,84.36,60.69,7.92,2,5,0,0
59898.07,15972.85,78.85,22.9,8.49,3,7,4,1
83001.71,20356.74,88.08,24.72,5.37,4,10,1,1
86127.96,3308.36,79.83,48.75,9.75,2,8,0,1
64461.05,12460.29,100.0,48.22,6.84,3,7,1,1
48992.06,25047.09,82.94,61.62,0.5,2,3,1,1
70673.54,25139.43,77.13,83.03,5.58,0,6,3,1
48385.81,9305.11,76.48,44.64,2.27,0,8,0,0
59969.36,19939.95,67.44,16.81,7.45,1,11,0,1
81695.0,44386.17,88.68,32.57,3.33,0,3,1,1
47729.03,17788.82,72.16,11.47,8.91,2,4,2,1
77724.93,9681.76,95.18,10.61,7.18,2,6,3,0
74902.83,15914.85,66.48,62.28,2.01,1,5,3,1
38994.58,19106.13,83.53,21.83,5.03,0,9,3,1
81425.67,16185.98,95.8,40.07,9.48,1,7,0,1
75368.46,17623.74,56.17,34.0,11.59,0,5,1,0
62242.37,678.64,100.0,44.5,3.39,2,2,2,0
43228.88,6448.43,76.9,29.24,2.61,3,8,0,1
41097.47,16207.98,83.69,30.62,14.8,3,6,1,1
48171.42,16016.78,88.86,60.19,6.96,1,5,1,1
71937.08,11205.73,90.71,60.95,7.37,2,4,0,1
38976.25,15875.84,85.29,38.43,4.04,2,7,0,1
69625.27,18732.18,93.97,22.43,7.86,2,4,1,1
32681.38,28672.96,88.23,39.84,13.86,2,6,3,1
55510.49,16809.46,100.0,14.38,8.02,2,6,1,1
62412.25,22789.24,88.27,44.95,11.26,0,3,2,0
113792.86,11500.8,100.0,66.13,7.12,2,4,2,1
29699.06,24865.15,92.81,28.85,2.9,1,11,3,1
92384.32,22508.76,60.33,75.41,4.27,3,4,1,1
63296.53,28389.8,100.0,34.93,2.53,3,5,1,1
69045.78,26561.53,75.11,44.87,7.87,0,1,2,1
62603.65,25064.83,99.95,54.11,11.9,3,6,4,1
69783.99,16818.99,82.32,31.26,7.64,0,10,1,0
56618.93,20939.27,94.73,15.38,5.77,0,3,1,1
91989.1,30762.11,73.74,28.07,3.84,0,5,1,1
49957.63,10175.11,89.51,39.0,8.42,0,3,0,0
84909.16,10459.11,78.96,61.78,2.05,1,12,0,1
45823.92,20177.18,100.0,27.41,2.46,2,8,1,1
58674.46,22983.36,87.26,39.1,10.6,2,3,2,1
36416.82,8110.72,93.23,57.54,5.89,0,2,0,1
70010.52,17102.85,56.03,31.11,5.81,1,6,3,1
91792.77,16872.01,80.97,69.25,6.32,1,8,2,1
58298.16,500.0,86.93,26.97,9.9,1,11,1,0
55668.51,15364.87,84.68,11.22,7.66,1,9,3,0
35478.43,16112.19,93.53,35.94,4.03,1,5,2,0
54955.56,16076.48,77.61,19.29,4.17,0,2,1,0
24958.53,34990.97,82.59,16.84,6.22,3,9,1,1
39916.68,3410.42,96.17,39.45,8.21,2,3,2,1
64989.29,8104.53,54.66,31.3,6.86,1,3,3,1
89018.29,500.0,89.07,71.92,6.5,3,7,1,1
121802.64,12229.0,77.99,14.14,7.19,1,5,1,1
47095.13,13252.28,71.05,17.08,6.86,2,7,0,1
91576.6,11880.27,86.04,50.45,3.88,0,7,1,1
65362.55,31292.13,96.73,12.79,11.43,1,10,0,0
56672.55,28327.41,94.47,39.81,5.07,1,2,2,1
69517.08,18934.28,80.38,14.44,7.52,1,5,3,1
61362.16,13552.64,92.51,55.32,0.5,1,9,3,1
62428.71,30314.28,92.42,26.4,6.14,0,9,0,1
51016.67,17762.91,80.95,25.07,2.6,0,4,2,0
29241.59,8180.76,73.68,27.5,3.08,1,3,3,1
26040.25,500.0,74.38,29.96,16.69,0,11,0,0
74371.39,12704.23,92.05,11.7,8.0,2,7,1,1
53912.6,27055.72,81.49,22.27,11.9,1,4,0,0
46886.04,45318.46,69.45,8.75,10.42,1,11,0,0
60187.12,18739.32,61.78,14.44,10.93,1,10,6,1
77488.51,8815.73,91.98,31.1,6.2,1,6,0,1
63968.01,3780.42,75.44,27.87,13.43,1,7,3,1
45566.79,24623.46,85.96,63.21,10.39,2,10,1,1
86978.45,500.0,96.88,12.77,7.17,0,7,2,0
94742.08,24604.14,66.29,66.23,8.05,2,11,1,1
70880.25,27812.54,81.46,34.17,6.45,2,6,1,1
81420.6,23235.35,79.95,55.54,7.21,0,7,1,1
87323.12,15364.06,86.56,32.57,6.83,2,5,0,0
84862.18,24779.29,96.87,59.99,8.53,0,9,1,1
73510.18,20051.26,66.05,50.61,13.96,0,5,0,1
73163.64,8662.51,88.84,27.42,2.18,1,7,0,1
71432.53,40204.95,94.38,14.67,11.57,3,6,1,1
35858.57,13779.85,79.76,6.99,5.53,3,8,3,1
75415.91,27309.03,80.35,37.59,12.08,5,5,0,1
30172.09,500.0,87.02,23.52,5.67,0,8,0,0
42518.81,33317.65,86.14,46.53,8.65,3,1,0,1
88678.43,35625.16,88.99,67.33,6.36,4,3,3,1
78484.84,18358.01,88.74,43.19,0.5,2,6,1,1
92722.76,24705.25,70.22,14.34,13.96,0,5,1,1
54023.16,24702.18,93.88,20.75,3.23,5,6,3,1
34650.53,10286.6,96.0,33.88,7.34,5,6,3,1
54710.38,24565.47,84.23,56.13,2.79,0,3,2,1
62244.69,8296.43,64.07,34.1,1.65,2,3,1,1
61737.75,10694.92,80.62,51.19,6.18,2,7,1,1
84940.97,31523.32,84.33,15.19,4.63,0,6,2,1
52052.05,29695.89,68.26,21.53,2.32,2,6,2,1
67744.76,9523.49,77.68,58.05,6.86,3,8,2,1
38250.2,9197.08,65.09,26.16,1.07,4,5,3,1
69906.98,10252.84,89.29,38.84,7.5,3,11,1,1
60068.39,26791.67,83.99,57.86,6.49,3,6,1,1
43504.11,6000.18,62.25,22.27,0.5,1,11,3,1
54811.75,22280.55,86.22,25.75,4.91,3,8,2,1
55948.13,26962.16,81.32,16.99,8.87,3,5,1,1
54056.59,16941.05,88.2,33.27,2.75,2,4,0,0
98969.51,30120.76,77.3,23.21,9.05,2,5,2,1
57834.19,14348.28,72.38,50.84,8.73,2,8,5,1
54634.29,15433.73,72.75,38.8,2.93,2,6,1,1
18000.0,6273.05,75.54,37.26,6.95,2,7,3,1
40327.44,30206.13,82.23,29.91,10.3,1,6,1,0
54212.38,8801.75,83.78,11.95,3.49,0,7,1,1
44911.24,22197.26,79.71,49.49,6.18,2,10,3,1
90397.57,17144.21,76.92,39.06,11.6,0,3,1,0
56371.37,5366.6,77.78,26.87,3.57,4,7,2,1
88345.77,10690.76,100.0,40.17,8.84,1,6,1,1
61357.5,34594.47,72.75,18.94,2.68,0,4,3,1
60819.01,20419.89,75.3,42.3,6.36,1,6,3,1
58046.48,5890.2,100.0,60.7,8.79,2,6,1,1
60083.52,21663.94,87.05,34.19,0.5,1,4,3,1
97813.49,16246.63,65.44,29.11,4.86,1,4,1,1
18000.0,59448.56,92.11,27.23,8.72,2,8,0,1
18000.0,21421.49,71.08,64.71,7.9,2,2,1,1
48050.24,13432.5,92.91,21.17,4.91,1,8,2,0
60319.61,35040.34,79.47,28.49,2.58,2,4,2,1
75182.3,500.0,76.72,34.13,9.51,2,4,2,1
70407.92,19131.84,100.0,9.1,5.71,1,5,1,0
51546.59,41933.14,88.8,31.01,9.18,2,5,1,1
82418.96,16605.61,93.68,59.51,8.52,0,7,1,1
82664.3,500.0,87.22,9.74,5.21,3,5,1,0
64049.27,13248.98,76.67,20.98,11.29,0,9,0,0
81178.47,35454.22,89.34,23.66,4.62,4,6,0,1
65998.2,22512.84,96.51,17.24,11.76,2,7,1,1
47647.37,7933.73,83.62,17.27,12.29,0,8,1,0
75351.97,9777.09,100.0,23.22,11.2,3,5,0,0
62433.49,11283.6,92.21,58.71,6.28,0,5,6,1
60029.48,22334.37,84.54,17.73,17.19,2,6,0,1
92404.98,34058.35,85.02,17.1,7.61,0,9,3,0
18000.0,30629.08,83.65,22.14,7.96,1,4,2,1
28810.95,23472.15,66.99,71.92,6.91,2,8,0,1
33884.45,2020.26,80.92,43.11,2.48,1,3,2,0
52008.27,2064.81,84.65,39.75,12.18,2,8,4,1
54398.62,24399.02,77.01,59.28,4.71,0,3,2,1
26838.84,1854.35,86.05,24.45,10.68,0,4,0,0
38326.52,15293.2,82.26,29.76,11.64,2,6,2,1
41061.48,21649.81,91.28,6.28,9.41,1,8,2,1
114063.33,4348.87,89.96,37.15,4.23,2,6,1,1
99638.32,5708.85,84.01,31.38,5.64,1,15,1,0
50941.51,16870.55,65.59,48.86,0.5,1,5,0,1
52001.17,24043.8,100.0,15.22,6.53,0,5,1,0
34717.51,30738.23,80.3,68.04,10.21,2,12,0,1
18021.13,25284.64,81.03,70.31,6.05,1,6,2,1
57428.64,18883.88,77.89,23.66,4.64,2,7,1,1
38047.26,9045.66,76.14,10.18,5.81,4,5,1,1
58133.29,5149.12,100.0,27.49,11.86,4,5,2,1
24795.47,11869.47,98.63,57.95,6.78,0,4,1,1
43236.56,22919.23,87.33,61.12,14.43,2,5,2,1
63269.8,22039.48,80.71,59.48,4.72,2,5,1,1
68056.61,500.0,89.43,60.86,7.87,0,7,3,0
69184.38,8571.88,82.89,14.47,5.27,3,6,3,1
30949.24,32454.09,79.72,11.84,15.3,1,11,0,1
78803.09,18950.58,86.06,18.19,7.72,2,3,2,1
42395.34,995.89,76.71,51.93,15.51,1,4,1,0
73922.87,46269.85,85.03,53.54,5.32,1,6,1,1
59765.95,17652.7,84.45,48.33,13.11,0,5,1,1
29719.48,22612.01,89.24,34.21,7.47,2,5,2,1
53043.65,22794.3,74.57,9.33,10.35,1,10,1,1
68038.0,13588.85,90.52,22.0,2.12,2,3,2,1
73485.24,9269.12,71.12,46.42,8.39,2,4,0,0
56898.27,43460.1,75.13,19.32,2.72,2,5,1,1
93699.14,30038.47,75.65,24.68,8.03,1,7,2,1
82165.24,27863.25,69.14,45.68,0.93,1,3,1,1
54353.61,24915.47,94.19,41.32,6.62,1,9,4,1
76502.68,5960.19,70.37,41.41,11.38,1,5,0,1
102543.46,33330.36,73.61,40.12,9.19,1,7,1,0
103130.66,7882.41,97.06,38.12,2.06,1,9,2,1
32984.0,21399.44,75.15,54.85,0.5,2,4,1,1
39616.27,500.0,79.74,20.38,8.99,1,1,2,1
92668.21,500.0,69.86,32.9,13.32,1,5,3,1
36717.82,21819.49,92.0,18.54,3.14,2,3,2,1
30904.1,8290.81,92.16,7.61,15.39,3,8,1,1
49303.73,500.0,90.87,31.5,6.97,1,5,3,1
69244.99,24487.31,88.45,92.14,0.5,3,3,2,1
57747.27,43440.97,82.88,33.77,0.76,0,6,1,1
45687.6,34674.72,75.71,24.5,10.08,2,7,0,1
45167.33,14912.19,72.22,20.78,7.52,2,5,0,1
44328.58,18106.14,97.48,67.02,12.93,2,10,1,1
40650.79,28652.48,91.18,26.44,2.21,3,5,4,1
110195.92,31465.54,73.68,60.66,7.47,3,6,0,1
66545.24,13877.57,82.48,30.36,7.03,2,9,1,1
79508.7,18410.13,78.4,10.29,6.43,1,10,1,1
49240.3,21607.38,68.46,46.96,5.47,1,3,1,1
55908.95,24646.52,84.13,16.74,5.55,0,9,2,0
44301.81,16403.08,77.01,9.71,7.7,0,4,2,1
18000.0,16558.98,70.57,54.09,8.21,1,2,3,1
29683.8,34557.99,64.25,13.81,8.01,0,5,0,1
20166.39,32514.25,63.23,34.38,11.82,0,8,2,1
18000.0,23728.93,77.54,39.67,2.19,1,9,4,1
33702.1,38629.31,80.98,31.2,0.5,1,10,1,1
89149.02,13362.65,71.5,43.24,11.07,0,4,3,0
59022.4,37475.68,89.81,34.82,3.23,1,13,0,1
88392.4,24510.19,81.21,22.06,5.48,2,7,0,1
69041.62,57252.31,88.92,28.9,4.55,0,9,0,1
77216.29,3690.22,79.81,26.67,4.47,1,9,1,1
40180.27,9727.86,72.55,29.95,1.17,2,5,2,0
71526.92,23025.57,83.37,22.88,4.72,1,3,2,1
76031.71,22766.81,66.85,54.13,9.6,2,6,1,1
47313.76,41401.67,88.47,12.28,6.98,1,7,5,1
72309.89,9979.5,70.75,64.72,9.02,0,5,2,1
72456.13,28859.02,93.02,17.37,5.02,3,8,3,1
47909.84,31949.56,77.94,41.8,10.61,4,6,1,1
35299.09,26455.77,94.75,28.51,4.97,3,6,0,1
33949.18,6468.04,68.53,58.66,0.5,3,6,0,1
61903.12,34893.11,73.87,40.38,8.27,1,7,0,1
67194.22,32751.9,86.57,40.45,10.07,0,8,3,1
42564.43,25195.01,96.05,30.77,4.76,3,8,1,1
60584.88,20452.17,100.0,23.08,11.8,2,9,0,0
72551.81,20713.3,82.5,51.38,3.6,4,3,1,1
73600.2,17055.17,100.0,62.23,9.68,2,9,0,0
94141.36,25689.42,78.52,52.68,13.98,1,10,0,1
88093.58,18373.62,95.19,27.11,7.15,3,3,2,1
37971.59,7817.7,70.69,71.33,6.09,0,3,0,1
97038.9,5416.9,87.04,45.49,6.58,0,6,2,1
48318.52,8975.56,53.9,25.66,13.51,0,8,1,0
82987.2,20665.59,68.54,48.65,8.61,2,8,3,1
61495.71,17676.53,87.6,65.62,15.58,2,8,2,1
50932.71,20584.13,66.25,62.67,8.12,2,5,1,1
20230.67,24009.76,87.12,3.84,4.38,1,4,0,1
56225.58,10472.15,92.88,4.85,4.67,3,2,3,1
25693.57,35587.92,75.98,22.96,7.25,4,8,0,1
81280.58,14787.47,70.37,21.34,0.5,2,3,0,1
93369.44,12798.88,76.31,67.4,5.1,2,7,1,1
42467.96,23788.63,70.41,38.57,5.19,1,2,1,1
66643.36,500.0,80.79,24.66,7.96,4,9,2,0
44041.39,8513.59,83.23,33.69,14.77,3,7,2,1
46173.34,29772.87,78.33,51.66,7.22,3,11,0,1
77038.88,500.0,100.0,30.16,0.5,0,4,1,1
59152.16,31410.89,73.37,50.35,3.34,3,11,2,1
98272.26,36133.64,98.7,28.57,8.05,1,2,2,1
49390.89,13566.54,69.51,40.91,7.37,3,1,2,1
81985.4,21501.75,82.87,43.58,13.5,3,7,0,1
62143.1,31429.05,96.2,41.49,10.84,3,5,2,1
77507.12,12398.53,95.58,6.79,10.72,0,4,1,1
50162.53,28413.31,76.96,41.44,6.13,3,7,3,1
58909.71,9946.21,88.66,18.12,11.4,1,9,0,1
57459.02,12268.77,87.05,19.36,3.42,3,8,3,1
41606.74,8407.96,75.52,25.23,10.87,0,9,1,0
74565.79,22111.77,89.39,27.86,5.87,1,8,1,1
74305.48,31895.63,100.0,44.97,1.21,2,4,1,1
73058.2,15790.64,87.66,12.11,9.37,1,6,2,1
93813.24,2745.01,88.8,63.42,12.59,3,7,0,1
91885.59,5007.52,90.07,34.65,5.37,1,9,2,1
51751.22,22735.19,64.47,47.98,13.25,1,7,2,1
68207.15,40129.4,87.52,11.74,0.5,0,1,4,1
46280.78,22724.7,69.8,12.31,2.21,1,6,3,0
60513.82,13357.24,74.92,33.71,6.41,1,8,4,1
46805.51,27194.21,100.0,86.57,5.52,3,8,1,1
95641.55,15126.02,78.96,59.89,4.33,1,7,1,0
68001.36,13460.58,73.12,74.16,7.53,0,1,0,1
55203.36,6498.49,95.83,37.15,4.89,1,4,2,0
86259.61,34901.39,70.63,7.32,5.56,1,4,2,1
18000.0,500.0,76.63,20.14,8.11,2,7,0,1
18000.0,27574.31,96.99,20.77,4.33,1,8,2,1
77508.45,12435.06,82.51,27.94,6.58,2,4,0,0
61330.31,13075.91,63.26,45.63,4.42,1,8,1,1
65509.82,38307.78,88.53,22.68,2.18,2,2,1,0
30819.29,9430.43,77.24,27.4,10.05,2,8,2,1
59488.86,9839.17,100.0,56.62,13.83,2,5,4,1
104077.21,16435.27,74.73,54.59,11.26,2,6,1,1
78132.39,22966.17,94.61,42.05,8.33,2,5,1,1
63733.54,12697.73,100.0,55.0,4.43,1,6,2,1
50340.81,500.0,71.79,43.34,5.85,2,3,1,1
51319.4,7611.62,79.68,63.48,11.23,0,4,1,1
18000.0,33376.01,86.66,24.82,0.5,1,8,2,1
65668.09,18897.32,71.71,42.93,5.55,1,7,0,1
78600.63,23413.05,85.24,41.86,9.94,5,7,1,1
25336.37,14862.95,79.3,35.37,2.45,1,4,1,1
45448.83,10086.03,79.06,35.88,8.69,0,1,0,1
34535.78,38130.83,82.59,57.43,8.51,5,4,2,1
38762.27,15741.7,82.86,23.73,1.18,0,8,1,1
61176.6,12679.56,83.97,25.91,7.35,3,4,1,1
18000.0,31153.71,74.81,52.71,4.53,4,2,3,1
73513.95,9331.68,75.34,41.84,8.66,5,8,3,1
76584.81,10863.27,80.58,50.97,9.68,2,2,0,0
54475.74,18122.96,81.46,17.13,8.6,2,5,3,1
18000.0,18003.24,76.73,14.62,7.29,1,4,1,1
38078.79,21115.34,85.89,45.19,8.16,0,3,0,1
87123.84,43100.03,60.22,18.19,2.3,1,4,2,0
18000.0,22034.98,73.23,32.18,6.88,2,5,1,1
52354.48,500.0,78.64,52.91,3.81,1,4,3,1
34039.98,21915.59,71.73,36.81,11.13,3,6,0,1
77700.55,18454.56,100.0,21.92,9.73,2,4,1,1
45147.49,18521.4,82.23,36.12,9.72,2,3,0,1
68886.99,20951.37,84.12,61.61,13.85,2,9,2,1
72440.13,17655.86,76.2,36.01,5.68,2,6,2,1
100396.97,17368.65,81.81,4.41,4.8,0,5,0,0
55535.28,25356.53,67.42,31.45,5.59,2,9,0,1
68272.98,11495.03,79.96,36.02,0.59,0,5,2,0
27328.78,6627.76,70.76,49.86,0.91,0,5,2,1
86189.1,54285.38,78.67,44.18,9.48,1,3,0,1
43268.81,9409.71,51.28,43.62,1.42,1,4,0,1
47663.41,19201.71,68.46,38.83,2.7,3,5,0,1
59510.55,500.0,99.57,16.15,6.59,0,6,1,1
25616.54,19397.62,91.96,17.18,5.35,1,9,0,1
65032.94,6801.29,97.83,31.32,10.54,2,4,2,0
81284.26,12690.32,98.65,8.53,7.24,2,6,1,0
66444.54,30540.78,90.08,42.52,3.81,2,6,2,1
25044.25,23664.11,76.57,20.94,10.89,1,3,1,1
57276.2,24820.91,69.55,13.74,9.92,3,4,1,1
76324.64,500.0,95.76,47.74,1.36,2,2,1,1
18684.25,40042.74,82.77,15.98,8.01,1,12,3,1
36355.15,3697.42,100.0,42.5,4.14,2,10,1,0
79283.96,36342.73,77.62,62.0,4.03,2,3,1,1
65942.1,30258.53,100.0,18.44,14.48,0,4,2,1
69063.37,24927.99,80.12,23.56,7.5,1,9,2,1
100908.89,7740.18,98.03,17.11,6.13,2,8,2,1
70308.16,19819.08,100.0,51.96,7.34,0,4,2,1
74473.54,12348.94,69.72,34.71,10.5,0,5,1,1
119636.4,18348.47,76.18,22.07,4.19,2,7,4,1
55296.3,15001.53,69.6,52.91,4.88,1,13,3,1
42446.58,500.0,67.24,29.45,9.63,2,9,1,1
69411.52,31461.41,90.0,16.62,0.93,0,9,0,1
69657.8,17026.71,79.64,27.28,10.96,1,12,2,1
48412.26,12182.4,82.63,27.85,0.58,3,5,0,0
37287.27,11276.07,88.67,9.84,6.02,1,4,3,1
110816.58,22301.51,59.71,7.23,0.6,2,3,0,1
67190.56,7274.92,97.44,8.97,2.77,1,5,0,0
43889.72,500.0,77.81,14.0,12.19,0,5,3,1
80150.47,22885.56,88.39,39.5,11.18,0,10,0,0
57598.81,24229.24,89.45,21.54,11.61,0,4,1,1
54436.61,15604.42,98.45,19.7,1.2,1,8,0,1
72370.0,4225.17,80.74,16.13,2.8,2,5,1,1
31578.59,19067.23,56.52,37.39,8.36,0,6,1,1
67757.8,500.0,82.69,42.03,9.86,0,3,1,0
102085.01,5673.23,84.41,45.61,3.8,0,5,1,1
70255.91,8991.62,69.59,50.69,4.68,0,6,2,1
51723.33,28127.27,83.77,59.18,2.47,1,8,1,1
48843.68,13648.67,77.67,13.96,13.63,0,8,2,0
50972.52,12625.6,65.89,66.45,5.1,2,5,0,1
54412.82,41456.31,90.06,19.43,7.13,3,5,3,1
51688.26,22229.55,75.24,41.8,7.33,2,8,2,1
80158.85,22067.93,77.12,31.7,11.42,3,6,0,1
21869.4,13563.59,76.45,6.01,3.19,5,4,2,1
78964.0,10843.54,96.83,64.41,11.67,1,6,0,0
51646.9,500.0,81.51,62.91,1.89,3,4,1,1
68292.85,29624.89,82.95,30.67,11.66,1,8,2,1
35206.27,23379.72,76.71,73.63,0.5,1,6,2,1
89229.88,15850.01,87.55,32.97,6.58,4,6,1,1
87403.97,16353.28,98.19,44.22,13.5,2,2,1,1
81110.99,26833.73,89.77,37.76,9.79,1,5,1,0
26675.39,500.0,90.24,51.12,8.68,2,9,1,1
78240.66,10921.42,89.27,52.49,2.81,3,5,3,1
68906.81,4364.37,65.44,59.54,4.06,0,9,4,1
24684.03,39258.11,71.49,29.04,12.38,3,9,3,1
59465.46,28507.87,79.54,26.45,8.89,0,5,0,1
68019.76,500.0,73.29,84.4,10.56,0,3,3,1
72233.66,500.0,69.23,62.6,7.3,2,10,1,1
63899.75,16411.85,59.53,81.15,5.87,2,7,2,1
66407.09,12330.72,65.84,6.39,10.07,0,4,0,0
92419.45,2107.41,78.92,32.48,8.04,2,4,1,0
86972.75,41337.15,81.17,27.79,6.32,0,6,3,0
18000.0,21750.48,72.48,63.11,1.34,1,8,3,1
53016.35,23697.8,82.95,44.99,10.82,2,10,1,1
56377.68,9695.82,76.79,41.06,8.76,3,5,1,1
21453.83,26667.29,95.09,34.24,4.57,2,11,1,1
62072.03,13434.81,80.06,32.87,11.72,2,5,2,1
87472.67,14599.88,90.36,17.37,7.98,0,8,1,1
36095.51,25332.02,84.44,21.04,8.05,0,3,0,0
67400.82,500.0,65.18,36.31,10.54,2,6,0,1
39851.88,37164.33,80.91,44.45,9.67,0,8,2,1
45217.94,20188.67,67.17,26.48,8.17,2,3,1,1
92502.66,33371.33,80.7,71.83,6.25,2,6,2,1
48063.73,5094.96,73.06,37.87,14.93,1,5,1,1
70168.67,6922.02,86.58,8.52,4.06,3,6,3,1
18833.2,4057.2,65.89,56.47,9.98,4,5,1,1
100970.99,21003.57,82.18,49.72,6.66,1,5,0,1
73258.35,18791.8,88.87,46.2,8.82,1,5,2,0
55985.0,12427.06,92.89,35.4,11.93,2,10,1,0
72662.02,5831.17,72.83,33.96,5.75,4,9,4,1
28983.97,2800.84,82.21,27.55,9.41,1,5,0,0
86015.68,17418.19,84.21,60.67,8.06,1,7,1,1
52872.33,12412.96,100.0,21.96,4.43,2,8,0,1
55510.47,9772.72,64.22,40.1,12.03,1,5,0,0
49183.58,36565.07,71.07,40.6,9.84,2,3,1,1
47225.67,17012.09,100.0,33.87,5.26,5,3,3,1
75282.75,33240.52,78.72,43.68,11.41,0,9,2,1
65629.95,11600.97,59.31,64.81,3.67,0,2,0,1
74338.46,20937.32,75.01,18.84,6.88,1,11,2,1
59806.52,17334.29,48.77,22.22,5.28,2,8,0,1
71290.4,500.0,84.89,27.35,10.01,1,11,3,0
50785.33,35140.06,91.72,8.47,5.08,1,3,0,1
109054.1,16378.16,71.06,37.11,10.03,0,7,1,0
25505.53,26957.02,76.35,33.98,9.38,0,5,2,1
87740.62,8975.66,93.08,51.35,5.5,1,7,1,1
90093.96,16021.87,61.0,55.76,14.32,3,4,2,1
41252.51,7597.77,66.14,24.36,4.02,1,7,2,1
109044.02,32831.98,79.26,28.71,1.36,3,6,0,0
81900.79,21736.91,72.97,34.87,10.42,2,9,2,1
81365.06,22404.64,78.47,56.78,0.5,3,4,2,1
60616.49,34298.21,66.83,18.39,12.97,1,11,1,1
55221.02,31876.1,84.57,37.17,7.41,2,4,4,1
55393.01,27184.11,80.21,9.88,1.29,1,4,2,1
68591.67,939.27,88.59,8.88,3.21,0,5,0,0
90826.1,9651.85,84.4,11.37,0.5,0,7,2,0
63988.91,5953.34,84.48,37.51,8.53,2,12,1,1
39948.24,26730.4,64.64,18.39,1.69,1,6,1,1
78137.4,20047.82,87.91,15.69,9.01,2,6,3,1
80265.32,1313.85,78.03,20.54,5.78,0,6,6,1
74402.51,15735.07,80.0,39.61,5.1,2,7,1,1
76400.98,500.0,94.58,56.69,9.04,2,7,2,1
54039.58,17362.12,73.37,41.32,9.49,0,5,1,1
39562.24,500.0,98.21,17.8,11.58,3,5,1,0
40899.74,24345.93,99.33,8.68,4.46,0,6,1,1
24019.81,22535.55,91.03,2.41,6.88,1,7,3,1
65212.87,40895.38,70.23,44.98,4.46,1,10,2,1
58164.13,28174.48,55.76,16.11,7.65,1,6,0,1
50320.27,12925.03,94.95,51.38,3.89,2,5,3,1
18000.0,27816.84,83.34,68.77,5.3,0,6,1,1
32559.02,1228.03,73.06,66.34,5.32,2,6,0,1
84658.49,6450.33,96.08,28.53,8.17,2,6,1,0
45378.23,21997.71,71.66,57.25,7.01,2,5,2,1
67933.02,500.0,76.91,11.26,9.03,1,7,1,1
29404.92,17554.07,88.3,41.66,6.57,0,5,3,1
91651.52,5756.84,68.64,32.26,4.68,4,6,0,1
56831.39,19215.68,80.69,8.57,7.77,2,6,2,0
66380.89,5067.16,95.07,25.13,3.33,3,3,1,1
111167.16,23090.98,84.53,48.7,9.28,1,12,2,0
93361.68,18231.93,96.97,16.63,5.86,1,8,0,0
53255.56,34804.39,95.6,39.53,7.82,1,8,1,0
46949.16,18080.81,82.09,34.69,7.88,4,6,2,1
52838.01,8776.29,53.96,14.82,13.41,0,7,2,1
71217.76,15037.37,68.73,11.64,8.53,1,6,2,0
57685.07,1869.16,91.16,42.16,7.29,2,5,1,0
51304.63,22873.65,63.4,22.97,4.23,1,8,1,1
92277.99,25078.2,78.08,32.86,10.21,2,5,2,1
57487.38,47630.35,86.06,42.38,5.92,2,5,3,1
110590.96,10537.97,99.63,42.45,0.9,2,10,1,1
61996.34,14786.47,75.1,16.13,6.22,1,7,1,1
99277.0,11090.9,74.28,15.59,7.77,2,8,1,0
67861.03,20545.36,81.37,41.62,3.73,2,6,2,1
81185.13,22580.29,86.21,63.85,6.53,4,8,2,1
44058.56,17359.5,80.15,41.69,6.71,0,4,2,0
41217.3,31035.91,94.59,47.57,6.78,1,2,4,1
70113.53,10596.25,72.41,60.24,11.94,2,3,3,1
81748.17,29834.09,83.44,19.17,1.75,0,4,2,0
60885.64,24461.97,87.34,65.11,15.14,1,4,1,1
31699.35,17855.64,77.2,29.41,6.87,1,3,2,1
30074.32,14220.76,92.08,38.13,9.32,0,2,1,0
28603.0,47120.01,83.79,27.03,7.51,0,4,7,1
21112.31,8195.9,91.47,36.88,0.5,3,7,3,1
62408.68,21575.2,84.33,41.44,2.77,1,10,1,1
84750.97,8997.37,86.52,55.23,4.9,0,3,1,1
59704.85,39427.45,74.41,15.73,10.97,1,3,0,0
18000.0,28641.92,74.43,49.59,1.46,1,5,1,1
55803.27,9859.8,96.69,46.13,3.58,1,9,1,1
56418.42,24151.14,89.63,73.63,7.66,0,10,2,1
106111.97,21092.35,69.72,34.89,8.89,1,9,3,0
27942.97,11800.5,84.17,73.63,8.77,2,3,2,1
51405.09,27097.97,53.51,10.29,3.06,3,5,2,1
97528.76,22671.66,75.11,12.12,0.61,4,7,2,1
69899.52,20588.38,93.53,64.01,9.16,1,7,2,1
72392.89,17496.96,80.5,20.16,12.73,1,3,0,0
62520.86,23172.65,83.41,44.79,5.62,3,4,1,1
67258.76,20752.65,45.8,43.71,2.42,0,1,3,1
77107.41,18709.12,77.29,54.62,5.28,0,9,1,1
42191.3,10307.81,86.06,56.08,8.58,2,8,1,1
79317.29,38325.19,87.58,70.43,6.07,1,3,0,1
29793.93,5394.96,93.55,23.85,12.63,3,7,3,1
67224.1,23131.63,79.48,39.52,10.7,0,5,3,0
63932.3,14157.11,80.01,19.13,7.74,1,2,2,1
46441.55,39114.57,66.01,25.39,0.5,3,3,1,1
59500.92,7158.21,79.55,35.88,4.23,0,5,2,1
46304.12,9176.84,66.86,26.47,4.81,2,6,1,0
36422.57,6362.18,59.83,20.61,4.01,1,1,1,0
52220.48,21881.58,68.98,43.96,7.76,1,13,0,1
35712.25,1523.39,100.0,19.93,7.85,2,3,2,0
67101.54,12257.66,78.75,50.67,0.5,2,10,3,1
34698.12,500.0,84.64,46.57,10.22,0,9,3,1
75663.49,20885.06,75.84,40.43,7.06,2,9,0,1
34007.46,11997.42,60.51,27.79,8.43,4,10,1,1
47541.51,500.0,93.23,11.93,9.98,0,3,1,1
46258.73,31027.31,55.93,32.77,3.93,4,6,0,1
89153.23,2308.0,75.34,41.01,12.04,1,4,2,1
67266.38,27563.32,81.34,20.26,6.43,3,3,3,1
55341.86,9587.51,84.77,43.43,13.05,1,7,4,1
70971.83,37218.86,73.28,57.49,3.42,1,4,2,1
18000.0,26994.61,59.94,52.45,12.75,1,3,2,1
59051.06,5903.43,72.39,81.22,3.38,1,3,1,1
103945.31,6995.01,73.01,29.61,17.2,1,8,2,1
62911.62,25266.3,72.72,38.47,3.19,1,5,0,1
61494.09,14851.46,93.64,30.94,11.23,1,7,2,1
72058.82,15967.89,67.44,15.4,5.55,0,8,4,1
79703.32,33266.87,85.61,27.54,9.86,2,7,1,1
18000.0,9015.73,83.9,5.17,6.84,1,12,1,1
22988.82,19095.53,93.53,55.93,2.64,0,3,1,1
64626.41,29455.53,80.4,23.55,0.5,4,5,2,1
44272.72,27709.41,91.49,38.52,17.03,0,1,0,0
88864.56,16084.65,79.93,18.59,7.29,2,9,0,0
53066.16,14533.13,87.21,36.4,0.5,2,10,3,1
18000.0,500.0,63.96,34.23,8.21,1,8,3,1
32103.69,5325.06,50.34,39.89,9.76,1,5,2,1
18000.0,21820.31,86.53,15.78,4.14,4,6,1,1
54849.24,16345.41,87.17,12.42,4.17,1,7,2,1
55855.55,18899.12,87.71,50.33,6.92,2,4,0,1
50661.82,30471.04,75.7,17.03,11.81,3,4,1,1
83735.34,3752.12,99.88,36.94,7.4,2,12,0,1
86367.44,15165.84,76.48,54.18,12.85,3,10,1,1
56251.45,20264.53,87.05,58.0,11.52,1,5,2,1
18000.0,9550.08,89.14,37.95,6.08,2,5,1,1
73580.19,35177.73,100.0,21.49,0.72,5,6,2,1
72217.93,28903.04,78.2,57.32,6.09,0,7,3,1
66806.61,21481.6,74.16,26.29,9.11,2,5,4,1
81592.55,39530.78,64.02,2.32,7.24,1,6,0,1
34373.78,500.0,100.0,40.61,9.54,3,9,3,1
104192.62,17907.28,87.06,42.56,10.45,0,3,1,0
38892.59,22396.04,87.44,62.16,9.12,2,4,2,1
76482.9,7025.34,100.0,16.65,5.9,3,6,0,0
22878.35,21608.57,85.9,31.9,9.08,1,12,1,1
39534.18,4721.01,66.37,67.03,15.94,2,6,0,0
93360.11,26286.69,79.65,11.64,1.04,2,3,1,1
54260.2,30694.02,70.3,26.92,8.95,3,2,2,0
78478.3,21268.0,77.25,43.71,14.33,2,8,1,1
65213.02,500.0,77.17,55.43,2.3,1,7,2,1
57690.92,6398.48,74.96,35.12,11.0,1,8,2,1
90004.71,24776.52,65.28,35.55,11.54,1,8,0,1
54793.51,18254.38,100.0,37.85,1.09,1,4,0,1
20823.76,500.0,85.59,68.48,9.85,1,7,2,0
42328.72,32913.96,79.29,35.96,5.91,1,4,1,1
72126.22,19639.88,91.09,61.62,6.76,2,6,3,0
68701.2,8171.1,87.65,33.01,5.7,1,6,3,1
25524.72,29939.47,85.31,38.38,12.25,0,5,0,1
44064.46,9869.52,90.22,13.77,6.55,1,3,0,0
47202.13,9738.57,83.61,36.56,5.15,1,3,2,1
51959.67,22300.23,90.04,58.95,5.21,2,3,5,1
29729.9,39372.46,91.04,26.97,5.64,1,7,0,1
46175.84,37483.05,83.95,67.79,2.68,1,8,2,1
43970.57,22316.54,79.36,43.01,5.11,1,4,2,1
76973.73,23548.63,100.0,26.77,7.47,1,5,1,1
77800.67,27497.99,76.27,47.69,8.62,2,7,2,1
56792.17,2916.2,86.7,40.27,11.82,2,11,2,1
51375.12,25729.78,86.97,10.2,7.96,1,7,3,1
63078.33,9191.12,74.69,13.75,5.1,2,3,1,1
42035.35,21821.74,72.31,20.49,2.96,2,7,3,1
34769.69,15270.39,77.75,9.44,8.18,0,7,2,1
39315.13,24014.5,76.09,32.11,6.53,1,4,2,1
46034.11,19417.24,64.5,27.68,6.66,1,6,2,1
34403.58,500.0,74.18,22.75,8.05,1,8,3,1
63565.31,20146.7,85.19,34.69,9.08,1,6,4,1
76053.74,25705.84,97.19,56.14,8.08,3,6,4,1
25083.84,23351.14,88.65,49.74,6.32,1,4,1,1
60552.83,16768.97,50.81,41.61,3.79,2,3,0,1
55161.41,37705.94,89.7,71.03,4.55,1,5,2,1
67513.19,21736.48,75.3,53.43,10.39,2,5,0,1
59715.35,23252.08,87.44,52.37,5.31,4,4,1,1
28020.82,30533.9,81.83,34.12,1.62,2,9,2,1
32227.44,22351.12,79.69,76.48,11.64,1,5,5,1
60647.32,7223.79,80.77,31.86,3.23,1,4,3,1
82633.18,500.0,81.73,36.92,7.14,1,4,2,1
18000.0,12274.55,98.13,5.15,8.96,0,2,1,1
67605.98,27131.35,81.76,41.55,7.01,2,4,0,1
86171.68,13762.84,95.03,19.41,0.5,3,6,1,1
56633.43,27614.14,93.28,65.02,8.56,2,7,0,1
72104.45,19784.74,90.0,32.78,12.31,0,9,0,0
44532.48,33456.79,60.56,15.23,10.15,0,6,0,0
57373.94,14457.4,95.4,28.33,0.5,5,6,2,0
24339.9,23611.38,76.51,68.42,15.51,2,5,1,1
18000.0,24070.62,90.59,45.8,1.7,0,5,1,1
80740.85,36019.22,70.33,85.27,2.69,2,2,0,1
38330.11,500.0,67.78,1.09,10.13,1,3,2,1
49978.39,12499.1,100.0,19.0,8.81,3,4,3,0
29498.27,28182.19,70.52,32.28,7.32,2,5,0,1
28980.67,36550.76,95.75,45.75,4.72,1,7,1,1
56175.57,20880.86,83.42,11.3,12.32,2,5,1,0
43949.3,14487.55,76.96,3.48,6.84,2,5,0,0
68315.36,27085.42,81.46,41.61,0.74,2,12,2,1
69955.85,28424.43,66.39,26.95,11.93,3,5,1,1
67058.69,13684.06,81.83,14.62,7.88,2,1,0,1
65249.22,21963.69,69.01,20.84,11.46,0,11,3,0
94710.9,32166.33,77.25,22.18,9.29,2,4,4,1
36512.94,40685.51,93.1,36.3,16.57,1,1,0,1
58791.43,26911.26,85.05,37.4,5.76,3,10,1,1
84919.18,18529.67,64.21,33.22,7.06,2,5,1,1
87819.88,17351.1,92.22,51.26,9.88,2,6,1,0
28721.2,24688.76,81.91,60.79,5.78,1,10,5,1
53128.18,16611.93,75.49,33.48,10.21,0,5,2,0
89878.66,20275.69,90.96,19.57,0.5,2,4,3,0
71177.74,5305.48,79.99,17.96,6.71,1,3,1,0
64295.79,33564.69,68.01,14.49,6.59,2,2,2,1
55210.94,4317.78,100.0,10.5,6.44,1,5,0,0
51556.38,12814.66,81.79,15.44,3.49,2,4,1,1
66340.82,19171.12,81.02,11.86,10.62,2,7,2,1
54447.77,41891.84,77.14,52.1,4.98,0,3,2,1
59063.27,12927.8,96.16,31.02,7.8,1,9,1,1
61729.17,10007.81,75.7,32.41,6.85,2,5,1,1
45082.43,11390.2,63.46,18.28,9.0,0,6,2,0
71706.85,37906.77,73.86,12.82,12.72,1,7,1,1
124113.38,500.0,97.92,7.06,7.78,2,7,3,0
20906.29,5967.14,91.99,24.41,10.37,1,4,3,0
67128.28,50775.46,78.94,41.97,7.58,1,4,1,1
43275.82,25090.58,98.48,50.08,4.98,4,7,2,1
72702.86,4728.18,90.98,16.36,6.43,0,5,2,0
61024.26,17496.98,78.8,25.67,5.87,0,2,1,1
76760.81,18809.45,80.01,30.8,9.27,1,4,3,1
85861.14,28153.5,85.95,48.28,7.43,2,12,1,0
64233.26,40074.02,72.02,46.66,3.82,1,9,0,1
84905.15,22662.62,82.05,75.24,6.11,1,3,4,0
18000.0,11522.54,85.7,28.67,0.9,0,4,1,1
94989.95,27445.01,61.76,13.17,6.26,2,5,1,0
68251.37,9620.97,79.73,32.07,7.01,0,5,3,1
83712.55,5599.95,78.36,38.31,14.23,1,3,2,1
33162.73,500.0,94.34,70.67,12.39,5,7,2,1
41723.06,500.0,59.87,24.44,2.86,1,6,0,1
63210.64,7242.66,77.42,74.91,7.81,2,4,0,1
59625.17,3866.52,76.22,26.64,7.88,1,9,1,1
66227.51,21758.84,93.52,40.8,6.08,1,6,1,1
83859.33,3607.18,81.48,47.8,6.33,1,7,1,1
21165.15,500.0,100.0,26.71,5.58,4,7,1,1
81424.02,5473.06,89.95,6.3,14.49,1,6,3,0
60182.2,12337.68,77.08,13.59,5.34,2,6,1,1
55516.8,10734.61,84.88,7.03,8.36,0,5,3,0
27635.46,36234.3,77.75,11.83,0.5,1,3,3,1
71067.07,10637.49,92.31,10.88,10.29,2,2,1,1
18000.0,28571.08,66.01,40.61,11.74,2,11,1,1
74264.67,17772.21,72.12,57.03,2.79,0,3,0,1
27173.67,17492.34,87.47,11.99,4.95,0,8,1,1
61176.07,7975.44,96.71,49.88,8.81,3,8,3,1
57378.29,17294.61,55.58,17.59,7.08,0,11,2,1
85729.84,8818.85,98.49,13.41,8.87,0,2,1,0
56069.59,20040.29,80.32,44.21,5.85,0,7,0,1
44728.95,15165.0,59.39,64.89,14.45,2,4,4,1
48854.74,6664.46,45.98,16.05,4.32,1,8,3,1
88003.42,29902.73,63.65,32.89,17.77,2,7,3,1
71798.53,23122.09,81.76,9.97,11.97,1,3,2,0
51516.14,12623.25,81.21,46.42,10.33,0,11,1,1
54798.18,19745.92,89.6,15.41,2.84,3,2,2,1
25522.1,16994.13,75.41,41.4,10.64,1,4,2,1
68546.43,7588.91,68.7,38.45,9.42,2,7,2,1
21284.05,18845.95,77.04,10.2,0.5,0,1,2,1
76539.52,10547.86,82.4,40.13,1.38,2,5,2,1
62829.68,6660.79,84.77,60.68,8.43,1,6,2,0
112512.94,500.0,72.53,16.68,6.47,2,7,3,0
35797.02,13696.71,92.82,25.71,4.93,0,3,1,1
57741.43,24803.65,74.54,7.21,11.32,1,3,1,0
99562.33,9664.09,71.56,26.06,3.46,2,6,2,1
86210.57,48248.5,75.49,42.93,5.18,2,8,1,1
44683.33,28628.23,94.9,25.83,4.41,0,7,1,1
64927.28,33651.96,80.41,41.03,9.04,1,3,1,1
60043.99,27542.92,73.67,36.97,0.5,0,7,1,1
66203.03,40234.38,93.11,25.9,5.01,0,5,1,0
44629.03,8555.98,100.0,40.52,0.5,1,5,1,1
58034.95,500.0,84.52,31.72,5.75,3,10,2,1
24842.85,12646.49,96.81,40.23,9.89,2,6,1,1
62972.72,24698.62,94.43,24.16,9.96,4,8,0,1
69900.45,19818.2,74.73,47.41,4.09,2,4,2,0
54996.77,21305.67,82.32,57.77,9.13,3,6,1,1
24468.88,33850.92,66.61,23.33,6.26,0,8,2,1
81747.7,22584.69,79.54,8.22,12.44,0,14,2,0
68019.55,27586.96,74.49,21.75,6.48,0,9,0,1
44027.67,6725.25,77.17,26.98,0.5,2,3,0,0
53826.79,4855.28,73.0,37.92,10.58,3,2,2,1
26985.27,37369.37,78.55,22.67,5.16,1,8,1,1
37440.98,19210.82,88.39,61.47,5.9,1,8,0,1
48168.15,10521.25,80.57,60.02,8.34,2,6,0,1
87025.26,10543.27,59.63,42.83,1.3,2,6,1,1
45930.93,10210.52,73.05,54.15,7.3,1,4,2,1
74084.7,9492.49,63.77,48.31,9.14,1,6,2,0
48157.04,2602.23,84.93,24.02,8.46,0,7,1,0
65454.85,500.0,88.04,21.49,4.6,4,5,1,0
56889.3,15659.95,85.08,35.4,10.97,0,1,1,1
79207.25,10884.89,72.55,19.12,3.01,1,7,2,1
48234.15,31285.91,84.96,35.57,4.5,2,10,2,1
25404.38,21516.92,76.36,33.07,6.46,0,7,1,1
29597.12,21183.81,68.34,21.88,8.18,0,6,3,0
48298.7,9082.56,90.9,11.96,5.7,1,6,1,0
32520.68,16547.66,91.82,29.65,11.91,1,6,2,1
69024.66,22332.01,93.39,20.77,8.18,1,4,1,0
49753.1,26594.35,74.7,19.77,7.3,1,6,2,0
112241.34,16873.3,96.15,38.92,8.04,0,6,2,0
21770.28,30949.49,76.08,26.46,9.93,0,3,0,1
64479.93,18095.87,89.84,42.78,7.96,0,6,2,1
35185.03,27514.17,75.87,11.8,0.5,2,3,2,1
49145.17,12121.77,79.31,39.58,11.36,4,10,1,1
63111.23,500.0,52.95,21.08,7.48,6,6,3,1
18000.0,21220.31,78.38,15.43,9.74,0,4,3,1
65210.17,26703.89,83.09,21.4,5.38,2,9,0,1
101863.96,24904.17,77.08,18.07,0.5,0,4,0,0
50024.36,23066.24,100.0,22.38,0.5,2,11,3,1
65715.77,13816.96,68.05,66.96,3.22,0,5,2,1
82548.28,8319.04,75.24,14.35,9.07,0,5,0,1
56393.02,24620.74,71.14,33.89,12.19,3,3,0,1
47218.88,23117.37,75.23,48.39,8.21,1,9,3,1
18000.0,11269.21,94.38,44.11,2.79,4,5,2,1
74101.8,31313.09,99.74,10.1,3.86,0,4,1,0
57510.29,7405.61,73.59,29.7,12.44,1,8,2,1
37720.96,10997.72,73.32,10.79,1.76,2,4,1,0
62785.13,37637.1,68.11,79.53,15.41,1,5,2,1
47159.03,28422.98,97.68,47.02,14.5,2,8,4,1
48374.63,13703.89,95.45,24.52,15.54,1,3,3,1
73338.41,21448.57,80.73,31.3,8.52,4,7,1,1
30555.59,19857.51,65.25,9.27,5.63,0,4,2,1
83040.94,500.0,66.32,62.88,8.43,0,7,0,1
29250.9,7122.31,84.05,24.83,10.63,3,5,0,0
45420.57,17389.84,88.59,27.87,4.4,0,6,4,1
102304.82,13720.66,57.21,12.21,2.6,2,5,3,0
84801.8,20965.23,78.14,64.53,5.86,2,5,0,1
62147.29,31553.79,100.0,48.18,3.91,2,6,1,1
39308.34,14141.57,79.39,46.62,11.96,1,4,0,1
48356.01,5308.14,99.88,28.27,4.53,1,3,0,0
61612.06,21898.22,89.79,30.61,7.38,2,6,1,1
60825.51,14080.52,68.99,44.31,10.93,1,6,2,1
58000.84,16127.24,78.49,50.82,12.12,0,9,2,1
59321.68,14498.72,80.46,20.65,7.83,2,5,3,1
55283.75,44902.05,70.57,45.66,8.54,0,6,2,1
28276.47,500.0,70.36,39.18,2.93,1,8,1,1
48636.76,13339.99,100.0,44.72,11.09,3,6,1,1
80121.73,17955.73,70.27,69.56,12.05,2,10,0,1
29896.65,8626.29,94.94,10.87,0.5,1,2,0,1
55829.78,28797.91,76.76,18.18,14.05,0,8,1,1
41965.41,27759.09,81.69,33.47,4.2,0,7,0,0
62449.71,17426.94,88.74,27.98,9.38,0,6,4,0
51450.07,14751.91,74.82,69.29,7.31,1,8,2,1
92502.66,16656.52,88.81,51.96,6.76,0,7,2,0
71144.83,16742.56,57.44,32.84,6.17,0,8,1,0
31140.33,17059.52,87.28,36.5,3.03,0,10,0,1
74767.02,15744.01,52.38,28.74,9.1,2,3,2,0
42957.66,21029.39,79.28,18.61,5.86,0,6,1,1
47306.08,27038.54,92.25,28.05,1.76,1,4,1,1
66904.02,3236.88,89.47,38.32,2.86,0,11,1,1
49181.56,5392.03,66.42,28.98,1.83,1,4,1,1
79642.83,500.0,67.96,32.29,4.9,2,7,1,1
42960.78,28396.77,73.74,66.39,8.94,0,4,5,1
46383.18,21003.88,84.23,7.3,4.16,0,5,3,1
45559.84,24063.21,57.62,2.5,10.9,4,10,0,1
47555.95,846.02,81.84,46.31,6.52,0,13,1,1
84182.21,39419.38,85.74,55.93,5.84,1,4,2,1
73833.52,10693.79,78.6,16.87,7.07,2,7,0,0
97618.77,20018.47,88.3,28.92,12.58,0,6,0,0
109888.17,28252.62,84.68,30.25,1.51,2,4,1,1
37324.23,6156.24,75.5,25.04,13.63,0,7,1,1
61549.22,11444.11,58.77,16.23,10.84,3,11,1,1
34123.59,20150.06,83.6,26.61,6.91,1,4,2,1
42892.67,52289.68,70.56,24.76,11.73,1,5,2,1
46138.18,21613.5,75.06,62.65,5.71,0,5,2,1
36742.59,37276.33,87.75,35.94,8.14,2,6,2,1
36858.48,32468.08,99.01,34.13,4.83,1,6,1,1
56825.74,22416.12,81.54,35.11,10.87,3,4,0,0
33232.19,6129.65,88.65,14.97,4.17,1,2,1,1
78526.79,30717.04,64.67,30.54,6.79,2,5,1,1
39809.42,500.0,84.95,21.16,9.72,3,7,2,1
121810.52,37210.5,81.28,45.58,11.19,1,5,2,1
50069.54,20400.06,96.75,38.32,3.72,1,2,0,0
61584.39,500.0,75.51,13.39,10.01,1,4,6,0
31502.49,13913.93,79.1,53.75,3.07,2,5,1,1
97534.02,25847.37,94.71,18.84,0.5,2,6,1,0
84629.01,15155.71,80.9,27.59,4.01,1,1,3,1
66532.15,26580.07,68.69,53.31,10.34,0,6,1,1
30370.34,7799.71,100.0,65.03,6.95,2,10,1,1
64634.67,2328.21,69.06,45.78,4.86,2,7,0,1
35328.52,17142.66,81.22,63.35,7.22,1,7,1,1
92171.82,18378.79,86.16,59.28,7.09,5,5,2,1
77802.28,13819.39,85.21,47.77,9.49,0,9,2,1
62099.66,32727.49,79.72,41.03,0.55,5,4,1,1
18000.0,7797.51,79.78,47.06,6.59,1,6,3,1
38364.85,21757.99,79.18,85.27,7.5,3,4,0,1
75130.74,18815.64,68.61,33.63,1.54,2,8,0,1
86683.44,500.0,100.0,16.28,1.48,1,6,3,1
84401.74,2171.64,79.36,16.32,5.54,3,9,5,1
24975.71,18142.93,89.16,41.03,7.03,2,2,0,1
66634.15,41774.4,77.98,49.41,7.05,1,8,0,1
82341.33,24951.24,77.74,7.8,4.77,1,5,1,1
23516.62,500.0,76.53,43.36,4.61,2,6,1,1
59826.1,500.0,63.4,30.21,5.42,2,11,0,1
66024.53,26796.64,80.07,58.87,8.19,0,8,2,1
53383.18,16845.44,77.12,52.59,11.98,3,9,0,1
19252.44,31695.19,96.06,27.41,0.5,1,1,1,1
52834.64,7431.38,67.64,18.49,9.49,4,8,0,1
52799.28,22202.55,75.07,29.3,6.56,1,4,2,1
56742.41,28154.08,71.22,33.09,9.1,0,7,2,1
47603.63,12630.44,99.31,47.69,11.74,4,7,1,1
50253.73,12886.97,71.57,30.99,3.98,0,11,2,1
59126.46,18303.15,88.75,12.02,10.78,0,4,3,0
69734.0,24512.12,93.64,42.66,1.98,1,9,1,0
53302.61,17827.99,80.25,42.52,7.51,0,7,1,1
50987.72,29687.96,65.48,57.25,6.03,0,7,2,1
62031.79,12456.78,65.63,32.97,7.19,1,6,1,1
18000.0,2059.26,92.32,52.32,3.04,1,4,2,1
70494.77,41723.7,66.87,40.09,8.75,3,3,4,1
59987.61,10744.4,86.7,19.68,13.35,1,9,2,0
60873.26,11178.69,83.37,11.75,3.11,2,7,1,1
81136.15,17210.36,86.53,24.37,7.76,1,12,4,0
18000.0,18806.17,87.66,11.15,10.42,3,4,1,1
18000.0,13359.8,70.8,33.85,5.81,1,11,5,1
66023.68,17790.79,70.29,35.83,12.44,2,9,1,1
59843.43,17522.85,90.58,25.81,5.28,3,5,2,0
63743.89,20097.83,74.45,71.95,6.53,0,3,1,1
49833.2,500.0,49.0,13.33,3.03,0,2,3,1
74615.78,40570.52,89.79,32.64,7.51,1,7,0,1
80518.05,16232.54,69.56,42.54,7.01,0,6,2,0
70647.61,24967.47,87.61,12.82,9.54,2,7,0,0
54261.77,1462.78,98.71,63.78,4.46,1,7,3,1
18000.0,12348.0,82.2,76.54,4.27,4,3,1,1
76923.2,9932.21,93.95,47.54,8.85,1,5,0,1
86878.03,35636.69,83.85,10.54,12.59,2,8,1,1
74180.29,10970.24,100.0,48.36,9.52,1,10,3,1
40647.87,27096.96,69.25,31.07,14.39,3,4,0,1
74823.48,10194.95,81.9,37.19,9.22,2,5,2,1
78931.65,12568.57,90.08,81.64,9.08,2,4,1,1
94293.96,15053.4,79.72,30.43,9.72,1,9,0,0
40725.58,33406.14,95.83,55.26,12.95,3,9,1,1
55018.0,500.0,76.82,11.98,11.95,2,6,0,0
76439.99,2212.04,100.0,46.1,2.66,2,4,1,0
61263.02,500.0,100.0,8.42,10.2,2,8,3,0
35418.79,4949.97,85.38,27.96,8.06,4,8,2,1
69121.56,8260.8,88.63,51.44,6.22,2,6,0,1
72730.56,500.0,96.3,53.57,0.5,0,10,1,1
61935.18,9190.23,67.75,19.54,0.84,1,6,2,1
64830.87,500.0,66.26,37.06,5.54,2,6,1,1
54308.47,5784.14,97.08,46.94,1.14,1,10,1,1
92522.14,32405.04,85.29,52.5,5.62,1,5,1,1
40184.77,22843.06,79.28,39.62,9.86,5,7,1,1
47078.94,20249.61,82.13,54.6,4.68,1,4,2,1
60241.68,5966.66,53.37,60.24,7.33,0,5,1,1
79336.99,500.0,79.71,30.69,2.72,1,5,0,0
27057.79,4330.13,72.96,28.1,8.2,3,7,2,1
31173.47,17481.48,93.02,24.64,9.03,1,1,2,1
18000.0,28418.12,93.94,26.84,1.31,2,5,2,1
60719.29,28828.41,88.92,34.88,3.99,2,9,3,1
35397.27,25567.35,86.75,24.52,1.93,0,8,2,1
51539.9,9149.32,64.03,55.37,9.04,1,3,0,1
74550.32,18294.6,89.09,63.54,7.66,2,5,1,1
45886.06,14143.89,89.55,41.76,6.8,1,8,2,1
65088.2,15585.72,96.94,47.47,6.49,1,8,1,1
53414.57,42445.53,100.0,5.97,8.29,1,8,0,1
74786.51,500.0,61.69,41.35,8.37,4,2,1,1
70452.82,15183.88,77.34,20.53,5.02,2,6,2,1
44777.46,32540.99,73.09,26.81,4.46,3,7,1,1
56289.66,500.0,84.07,49.02,6.76,1,8,1,1
82962.35,10275.03,82.16,48.84,6.24,2,6,1,1
68654.29,11651.54,79.19,36.38,15.24,1,7,2,1
29266.83,15320.52,94.33,49.82,5.46,2,7,2,1
74423.6,500.0,68.78,16.88,8.16,0,7,1,1
36138.57,25143.43,69.51,59.71,8.86,2,7,1,0
91075.29,25995.45,69.71,56.85,12.6,2,5,2,1
82530.17,24100.5,77.68,27.54,3.76,1,5,5,0
66377.48,7555.52,67.26,26.97,12.36,3,6,2,1
63459.12,19038.13,81.42,44.4,6.41,2,10,2,0
55401.29,7206.72,80.01,33.49,17.01,3,6,0,1
74927.53,14008.84,72.56,16.49,8.45,0,7,1,0
51842.88,43841.62,92.49,43.41,2.08,0,8,0,1
65182.54,19148.34,81.29,17.16,6.21,0,6,0,0
79182.56,3749.68,94.75,33.36,12.35,2,6,1,1
47640.26,20164.02,79.66,10.52,7.33,0,5,3,1
46443.76,1778.45,81.71,48.95,6.76,1,6,1,1
33723.96,3611.88,75.25,33.26,9.88,0,5,1,1
36581.6,5506.52,81.92,41.68,5.62,1,7,0,1
19775.3,12668.29,90.55,62.27,6.16,2,3,0,1
76056.23,29243.63,77.06,60.44,3.22,0,9,1,1
99796.12,24940.78,88.22,48.83,13.92,1,7,0,1
91357.24,24275.94,72.25,6.69,2.11,2,4,0,0
24226.14,4812.91,91.11,49.35,7.68,1,8,5,1
75946.8,11504.23,75.04,64.66,8.92,2,9,2,0
91286.34,21264.01,92.22,19.25,6.95,0,7,4,1
49950.18,10460.16,82.73,20.06,1.98,3,2,0,0
62231.84,14659.6,100.0,32.28,3.0,3,5,1,1
18000.0,23296.3,68.15,25.34,9.09,3,5,1,1
65868.2,13814.73,64.29,57.94,3.88,2,7,1,1
36601.69,20712.72,74.61,15.94,0.5,1,6,4,1
64391.97,37112.74,65.38,21.87,8.55,1,7,1,1
25653.54,15937.69,65.41,7.0,3.51,0,7,2,1
71942.88,32152.05,89.46,27.57,9.52,1,4,0,1
82539.28,24712.44,81.95,16.91,6.19,3,8,1,1
42770.04,500.0,76.24,22.51,6.0,1,9,0,0
34987.7,4774.36,77.36,32.91,7.21,2,5,1,1
18000.0,7996.85,74.83,75.42,2.45,1,8,2,1
54138.9,7741.98,100.0,40.76,3.7,1,4,2,1
47204.93,16916.52,73.17,35.45,5.96,1,1,2,1
25877.57,25375.73,66.13,37.89,2.42,2,9,1,1
69966.41,33061.9,91.55,60.1,9.86,0,7,0,1
50100.65,21698.1,79.41,51.03,5.77,1,7,1,1
36333.81,12651.85,100.0,63.07,1.2,0,2,2,1
47799.41,500.0,75.69,24.11,4.76,2,5,3,1
83568.7,18847.07,92.15,26.62,7.4,1,7,1,0
73264.61,18309.24,94.99,18.37,5.22,1,4,2,1
57139.43,20195.15,75.74,30.96,8.6,1,6,1,1
73620.31,43274.88,73.08,26.59,9.3,1,7,2,1
34459.94,32887.16,90.9,46.77,16.61,3,7,2,1
60712.14,27420.73,88.9,15.09,11.6,2,6,2,0
63241.09,6455.07,65.07,36.57,0.5,2,6,0,1
49663.6,11844.06,68.46,34.5,5.56,2,3,3,1
69580.08,16861.86,51.56,46.13,5.93,0,6,3,1
42830.46,8695.11,89.14,25.25,9.3,1,3,0,0
71216.06,24005.57,78.86,58.53,3.27,2,7,1,1
72140.89,22282.91,80.05,30.97,4.87,1,4,2,1
18000.0,4940.31,61.7,27.9,2.02,1,4,1,1
86186.73,32361.8,68.82,24.55,4.59,0,6,0,0
18000.0,19227.72,76.26,14.45,4.74,2,6,1,1
46446.92,500.0,73.93,12.11,5.75,1,9,1,0
82557.66,17383.89,83.41,55.29,2.25,2,3,0,1
53019.69,21374.48,89.0,15.81,10.93,1,13,0,0
27743.91,29673.51,100.0,9.88,8.89,1,7,0,1
35937.78,13950.28,81.76,37.74,1.2,2,5,3,0
82591.93,27935.26,95.38,44.76,7.1,1,6,4,1
18000.0,20245.7,72.04,19.49,0.74,4,3,1,1
84837.8,2219.34,61.9,33.0,12.37,3,3,2,1
58787.75,1018.0,77.77,32.96,13.46,1,8,1,1
33767.3,31470.72,62.83,61.05,6.78,1,4,2,1
47171.47,32351.81,82.18,45.87,3.59,2,12,2,1
37621.06,21874.91,72.63,64.35,4.34,1,3,3,1
79056.95,35948.48,58.55,22.32,5.19,1,8,0,1
76113.41,30679.32,100.0,55.26,6.57,2,5,0,1
22178.46,26203.54,75.55,33.45,12.48,3,4,3,1
51120.97,7064.26,62.35,39.58,10.82,2,6,0,0
41009.92,38777.15,92.78,6.97,10.88,1,6,0,1
88457.22,24435.62,73.26,40.07,7.68,0,6,2,1
30297.82,13369.93,95.08,15.92,2.39,7,5,1,1
95293.04,9980.76,73.2,12.07,3.92,1,7,1,1
59267.52,21081.41,75.51,12.64,7.24,0,8,1,1
34437.44,500.0,86.14,13.4,2.2,0,5,0,0
45099.97,26396.08,89.12,39.92,8.22,6,13,0,1
42364.39,6557.15,91.22,55.22,10.22,1,4,0,0
31958.4,22447.3,80.92,63.55,9.18,2,5,3,1
62086.19,11740.56,88.34,22.07,9.02,4,5,3,0
32985.86,14826.98,90.95,22.19,0.5,1,7,1,1
18000.0,8917.08,84.41,13.46,12.33,1,5,2,0
51647.12,16065.25,80.29,45.99,0.73,2,7,0,1
20337.16,40672.55,64.66,32.3,6.39,3,8,2,1
43452.46,34620.72,89.19,60.67,9.47,0,4,3,0
39999.74,22253.75,82.51,38.49,8.43,2,5,2,1
40833.25,17696.47,77.04,15.86,1.89,3,11,3,1
104021.19,28130.41,97.33,75.08,2.61,2,7,3,0
61241.05,31559.64,64.87,62.0,8.15,1,5,1,1
65398.16,8042.18,100.0,57.93,9.04,0,2,1,1
20919.24,17070.73,81.73,66.43,2.57,0,5,0,1
45612.81,500.0,85.81,13.8,8.57,1,6,0,0
64736.66,31477.23,77.26,53.09,0.94,5,4,3,1
37460.36,42780.29,62.0,62.44,9.5,0,3,0,1
79977.38,18960.99,80.32,31.81,3.46,1,7,1,1
33540.68,500.0,86.02,49.18,7.32,2,4,2,1
53699.95,25306.69,90.11,21.34,6.65,0,5,2,0
47106.86,7150.93,79.62,52.42,11.64,3,5,1,1
63615.05,10039.81,55.69,70.5,7.97,2,7,0,1
45909.22,25518.92,63.5,27.92,4.6,2,8,2,1
54040.34,21054.65,100.0,16.97,8.44,1,9,2,1
54805.14,12142.69,68.89,15.36,15.57,0,6,1,0
43843.47,10204.73,99.12,43.6,9.96,2,5,4,1
70672.07,19510.03,70.79,21.01,6.76,1,8,1,1
65244.54,13086.41,79.81,39.09,3.67,0,8,2,1
58050.49,4689.15,89.5,18.58,4.53,1,5,2,0
50529.92,14009.24,72.16,53.79,9.72,5,8,0,1
77523.97,22075.11,100.0,34.36,3.46,2,7,0,0
54811.65,15862.76,82.91,38.34,7.01,1,7,3,1
53252.66,1037.9,87.53,6.41,12.75,3,6,4,1
62303.18,29868.78,78.79,28.73,7.6,0,5,1,1
97324.91,500.0,89.9,47.41,2.68,1,7,0,1
30512.16,12643.62,100.0,26.32,15.71,3,5,1,1
76936.85,10557.62,80.42,29.57,14.05,1,9,3,1
18350.23,19778.15,100.0,13.02,9.0,2,5,2,0
64780.01,24739.94,74.66,44.77,12.1,2,11,2,1
94651.82,31521.18,91.17,29.58,5.93,1,4,1,0
70750.71,9451.14,87.87,10.5,9.9,1,8,1,0
63753.75,25038.99,69.18,32.75,5.31,2,9,0,1
47670.11,20349.82,84.57,45.0,1.58,0,5,0,1
60683.04,500.0,82.09,31.0,17.37,4,5,1,1
54454.62,40806.48,71.76,29.36,1.37,3,8,2,1
42708.51,734.7,86.3,40.0,8.19,3,8,0,0
53622.74,23033.97,83.76,24.15,8.14,1,10,4,1
64364.39,22679.52,81.13,38.26,9.06,1,9,1,1
43121.22,21307.64,81.18,59.42,6.64,1,2,2,1
42261.8,12065.08,80.92,44.19,6.68,0,8,0,1
30074.64,27927.03,77.59,24.99,7.55,2,7,3,1
68595.95,500.0,83.68,33.03,8.92,5,4,1,0
71997.11,17210.05,74.27,29.43,6.99,0,9,2,1
65096.53,11233.5,100.0,38.2,6.73,2,13,4,1
81233.75,9872.42,65.09,12.48,1.72,0,1,1,1
61933.09,23144.97,74.98,19.11,15.05,2,6,0,1
68624.24,30929.74,75.93,28.79,9.14,2,5,1,1
66684.42,13880.93,100.0,65.42,7.84,4,5,2,1
57986.12,27368.17,66.16,25.57,4.5,0,9,1,1
48321.92,18596.89,87.11,65.37,2.99,5,1,2,1
108711.36,7287.21,84.98,36.42,10.44,1,7,4,0
50057.08,14904.57,86.0,13.4,6.36,5,4,4,1
45350.69,14406.17,96.84,36.89,9.48,1,4,1,1
69548.22,9640.08,96.59,43.8,1.59,4,7,2,1
65540.8,23141.8,76.59,39.98,13.19,1,8,1,1
29094.59,20815.75,84.33,26.59,10.61,1,9,1,0
84698.92,500.0,59.63,25.33,6.68,4,10,0,1
57927.72,500.0,83.19,33.38,8.87,3,3,2,1
35559.52,23096.21,72.47,6.65,9.96,2,10,2,1
86153.25,8216.56,79.76,17.38,1.65,0,10,1,1
73764.86,21624.49,61.78,59.42,13.71,1,3,2,1
32180.08,27371.18,86.86,30.81,8.93,1,7,1,1
99098.02,2748.57,61.64,41.95,4.18,0,4,1,1
74493.54,1061.55,83.78,32.71,2.61,1,4,3,1
59775.69,38093.18,67.28,6.97,10.95,1,5,1,1
94984.81,22218.85,71.8,24.03,7.84,1,9,2,0
63504.55,12969.11,95.86,55.72,8.93,2,4,1,1
59382.17,6792.71,89.06,8.33,7.11,0,6,3,0
45473.4,11874.71,95.79,82.32,2.99,1,4,1,1
72800.71,3713.13,100.0,48.62,9.03,0,4,2,0
70485.27,28600.95,72.73,40.32,6.21,0,8,4,1
60322.96,8678.99,99.99,44.71,6.91,2,6,3,0
42620.3,31122.42,64.41,32.61,16.51,0,11,2,1
62858.46,13192.45,90.95,61.94,10.48,1,11,1,1
58464.43,5479.8,76.08,49.13,10.71,2,5,1,1
30663.56,12884.38,70.84,7.15,17.88,2,3,2,1
27620.13,500.0,89.37,28.15,8.54,1,8,3,1
72433.37,16550.78,93.34,31.44,7.48,1,5,2,1
18000.0,15958.57,92.98,28.29,4.28,1,6,2,1
64519.03,27896.91,84.58,56.94,5.19,1,6,0,1
49482.17,500.0,83.58,18.44,0.5,2,8,1,1
88781.43,31942.4,88.32,18.03,10.16,3,11,1,0
49143.7,27847.19,85.65,61.26,1.93,4,6,1,1
74508.65,33024.52,88.5,19.62,10.61,3,9,1,0
51267.9,17367.34,84.45,31.71,6.83,2,4,2,0
62502.46,30166.76,92.11,13.93,7.51,1,6,1,1
76210.4,500.0,62.47,44.3,6.83,1,4,1,1
49823.77,26556.57,80.42,41.66,12.54,5,1,3,1
81924.21,8746.05,65.39,20.47,11.84,4,6,2,0
38138.65,500.0,85.32,25.54,6.88,3,4,4,1
66481.04,4510.31,100.0,25.55,3.4,0,8,1,0
80298.07,18066.37,76.31,26.0,10.7,1,6,2,1
74520.82,8108.41,83.53,46.79,3.1,0,3,0,1
102161.79,22512.88,91.08,15.16,0.78,1,6,0,1
43204.34,500.0,57.19,37.96,8.99,0,6,0,0
29658.72,500.0,75.73,3.74,11.87,3,6,1,1
38124.63,34468.65,86.37,46.87,5.38,1,4,0,0
74529.74,28845.6,47.24,33.52,8.62,0,7,4,0
70954.3,5408.44,70.28,9.64,5.34,0,5,2,0
62249.65,17964.0,95.21,29.03,9.89,1,7,2,1
35294.94,30234.08,94.04,25.6,11.38,2,4,0,1
76871.08,23030.41,86.49,35.94,5.95,2,11,1,1
33056.49,19778.68,92.59,3.53,2.89,2,5,1,1
85496.89,31141.85,84.58,57.18,1.17,2,10,0,1
122863.65,9231.45,88.66,22.22,10.7,4,12,4,1
68061.93,18374.14,78.21,9.86,2.45,2,5,0,1
72828.38,17785.82,83.39,25.04,8.49,1,5,1,1
49157.09,14726.86,74.41,25.47,10.11,3,6,2,1
20175.31,13322.33,97.16,19.5,4.99,1,6,2,1
46740.17,18874.42,100.0,18.17,6.34,1,4,2,1
35956.3,18412.89,98.56,7.22,11.0,2,6,3,0
28165.9,5418.87,77.1,39.59,3.77,1,4,1,1
97891.92,27621.55,70.55,8.88,3.36,2,5,0,1
66002.98,6283.38,97.32,26.24,6.06,2,6,2,0
68353.13,15381.2,88.53,53.64,12.11,1,8,1,1
53201.51,14456.63,85.94,20.38,13.44,4,8,1,1
56196.84,22297.24,74.4,39.44,6.6,2,5,3,1
81220.12,500.0,87.11,23.15,4.15,3,11,3,1
59288.58,28690.92,68.98,43.29,11.26,2,6,3,1
71675.27,9876.12,89.61,41.95,0.5,1,2,3,1
55687.91,32639.56,98.55,45.3,7.99,0,4,0,1
52472.64,12262.02,100.0,56.17,6.82,2,4,3,1
29047.89,17413.88,90.5,16.58,12.18,0,2,2,0
18000.0,40965.43,65.42,29.76,12.58,1,7,2,1
54245.64,14671.94,84.37,43.86,3.23,2,11,2,0
61242.93,32866.2,100.0,9.68,7.67,1,7,2,1
31705.14,18468.54,71.58,26.57,4.72,2,9,0,0
59241.55,22985.03,81.29,20.77,5.83,1,7,2,1
61182.56,18839.5,98.96,72.96,9.47,1,5,0,1
18000.0,28174.22,89.41,79.72,5.66,2,7,4,1
39867.26,9773.62,100.0,14.41,7.78,0,5,2,1
68959.81,6191.42,73.21,48.12,10.83,2,12,1,1
68515.29,10337.09,70.12,24.68,13.06,0,4,1,0
34619.15,19196.52,96.69,62.43,8.15,4,4,2,1
63485.86,15350.17,67.65,39.14,7.47,1,9,5,0
82492.96,26523.3,79.64,36.43,2.57,1,5,6,0
77095.61,33656.78,81.21,29.23,13.34,4,7,1,0
57903.71,6289.94,94.43,20.38,8.98,2,7,1,0
49704.52,9192.61,89.37,35.21,7.54,0,4,4,1
46154.42,765.13,87.48,55.15,7.34,2,4,3,0
70292.04,42364.48,77.17,29.3,8.44,1,8,3,1
64292.29,21656.03,96.58,46.56,10.09,1,6,3,1
73846.89,23757.63,100.0,61.14,10.58,2,3,0,1
62901.22,1917.5,90.3,66.35,13.44,2,4,4,1
78012.81,17985.96,83.2,34.85,7.97,3,3,1,1
62081.04,24110.98,66.43,15.13,14.02,1,13,1,1
77263.15,14966.91,74.35,70.04,11.23,3,5,3,1
79158.1,30908.47,79.44,38.37,6.76,0,4,1,1
42300.41,45741.97,75.58,26.06,0.5,2,4,2,1
20220.83,6635.25,81.81,21.4,7.34,1,16,1,0
93956.84,5734.95,100.0,6.75,13.23,1,7,3,0
65646.49,7466.93,96.97,45.43,3.9,2,5,1,1
22281.31,37274.39,80.09,21.92,7.33,3,9,3,1
44295.97,30508.26,67.5,26.51,7.66,0,10,1,0
76981.23,16373.67,98.05,30.59,10.77,3,3,4,1
53847.11,18438.72,81.41,66.23,5.45,2,4,1,1
48734.65,8201.48,61.28,47.88,3.52,0,7,3,0
90819.4,28680.33,90.55,45.38,9.28,1,8,2,0
36959.68,13441.18,94.31,51.06,4.03,1,6,1,1
42440.63,14879.08,52.89,33.56,0.5,1,5,5,1
64650.5,25305.48,72.11,17.19,14.36,4,6,1,1
68590.01,15744.06,80.67,20.45,10.71,0,3,2,0
70919.55,15180.41,90.81,54.52,14.53,2,10,0,1
80047.24,18126.9,75.81,36.8,10.5,3,8,2,1
64368.73,27544.26,72.01,23.95,9.72,4,7,0,1
70766.45,37757.92,90.73,68.23,8.48,1,6,1,1
54297.4,25025.83,76.38,50.12,6.26,3,5,0,1
61379.36,27639.77,88.5,43.25,9.05,0,5,2,1
62365.75,15601.75,68.66,39.45,4.79,1,4,0,1
64732.16,9506.43,65.77,26.72,2.72,0,4,0,1
76995.88,25847.83,91.06,39.5,5.67,0,8,1,0
72213.21,20054.89,85.03,29.93,12.17,2,9,1,0
60972.77,928.46,93.07,28.09,2.07,3,7,1,1
42199.23,14063.16,75.61,7.69,2.13,3,5,1,1
61488.77,17005.24,72.46,59.15,9.37,1,4,1,1
59383.61,11874.51,98.33,46.11,5.34,4,6,0,1
64249.99,35780.83,63.72,38.13,8.94,0,6,4,1
108543.56,23758.07,97.02,45.25,10.96,1,6,2,0
48477.0,34478.1,97.85,69.13,8.85,0,6,0,1
69290.36,21161.1,92.32,30.06,4.47,1,10,0,1
83506.17,18976.65,73.75,14.64,12.13,0,3,2,1
62156.04,6760.83,72.2,52.05,9.97,1,3,3,1
111432.59,18143.15,79.48,34.01,7.11,1,7,1,0
51683.14,18156.65,66.46,32.67,6.91,0,6,1,1
67129.96,1594.63,70.46,8.53,8.5,2,2,1,1
42426.27,11525.67,89.74,47.85,5.75,0,6,2,1
52266.46,14120.61,89.79,26.74,0.5,2,7,1,0
65476.55,22961.75,69.41,55.66,10.0,4,3,0,1
78618.69,23536.2,90.11,30.75,9.76,0,5,0,0
67020.09,11024.18,87.45,37.11,0.5,3,5,1,1
87700.53,23626.44,100.0,15.21,9.04,0,4,3,0
57910.76,15815.05,88.83,20.55,14.03,2,7,2,0
52692.29,500.0,94.7,54.42,2.49,2,7,1,1
119487.67,12183.58,87.72,33.21,6.71,1,4,0,1
68673.23,30947.86,93.76,45.74,6.27,0,6,1,0
44171.41,500.0,66.55,8.56,13.64,0,7,1,0
44726.2,19352.29,80.54,31.63,11.48,1,9,2,0
39261.04,37023.13,81.53,30.02,3.49,3,5,0,0
80604.53,8872.64,79.08,17.77,8.37,0,7,3,1
51983.7,18025.79,87.33,23.66,16.21,2,4,1,1
62801.97,2351.8,89.61,16.54,4.5,0,5,2,0
58602.81,37526.77,86.71,31.58,6.96,3,3,1,1
76092.83,17000.01,79.88,30.85,9.05,1,6,0,1
41371.63,18559.52,73.17,29.39,4.56,2,7,1,0
36337.41,34251.61,95.17,36.86,14.05,1,12,2,1
64934.54,25937.74,86.2,19.95,5.11,2,6,0,1
73221.1,7492.46,69.78,42.85,1.44,1,7,0,1
67315.71,10232.66,79.68,26.43,4.9,1,1,3,0
42192.02,23939.18,61.08,21.58,9.61,1,4,3,0
74904.67,10510.55,82.42,37.24,3.81,1,6,1,0
43635.06,500.0,79.62,36.32,8.21,0,5,3,1
48526.15,17361.11,75.11,53.26,9.25,1,6,0,1
39233.02,500.0,100.0,32.13,2.16,0,2,2,0
88625.48,37395.38,68.13,27.04,4.75,0,3,1,0
73935.27,20121.45,90.48,11.74,8.4,1,6,0,1
73309.85,7137.9,100.0,26.2,9.81,0,10,3,1
87438.65,9616.41,94.93,59.66,4.84,2,6,1,1
121878.28,500.0,81.62,35.47,7.61,1,6,3,1
22397.03,4806.46,68.39,37.0,5.86,4,5,0,1
43755.72,30195.88,65.66,42.22,9.91,3,5,0,1
46444.15,44781.43,77.06,31.68,9.08,2,6,3,1
41281.97,26716.76,73.76,35.8,5.51,1,3,0,1
36293.17,16895.49,73.37,9.59,8.91,1,9,1,1
53407.63,12816.49,78.08,20.77,5.35,0,8,1,1
33234.72,6522.05,80.77,31.46,8.83,1,3,2,1
67370.93,42717.19,87.82,64.38,8.89,2,7,2,1
61137.36,15735.02,67.15,27.7,16.48,3,9,2,1
70582.63,43387.56,73.81,23.25,5.65,2,7,5,1
71170.03,34722.23,80.08,30.85,6.43,0,7,2,0
73266.15,500.0,79.65,39.46,4.41,2,5,1,1
51785.0,10008.57,100.0,44.76,2.87,0,4,1,1
106665.15,9971.46,84.79,27.79,5.17,0,4,2,1
65157.48,17041.84,62.64,29.91,9.66,1,7,0,0
19025.34,17276.23,87.02,11.44,9.95,3,6,1,0
37947.73,53954.87,88.55,33.69,8.18,4,3,0,1
21708.93,5073.27,80.5,35.56,5.82,0,6,0,0
60381.36,20747.64,67.44,22.11,5.03,1,12,2,0
57320.29,25398.09,100.0,28.53,3.33,1,4,0,0
49694.63,17981.14,69.16,63.65,4.77,3,4,2,1
104240.37,19322.17,89.93,17.9,1.82,1,8,0,0
72077.62,5462.29,84.4,45.43,12.43,1,2,0,1
75974.16,19277.83,89.21,36.85,14.35,1,4,4,0
39516.38,24136.79,100.0,63.26,0.5,4,4,2,1
38018.81,21931.21,88.74,38.0,8.16,1,4,3,1
60809.72,24842.41,75.3,11.51,8.09,2,7,1,1
63806.16,34951.29,95.27,58.17,7.84,1,4,2,1
19161.15,29243.6,74.43,41.24,4.63,2,2,1,1
56033.25,18855.54,83.96,56.7,11.09,1,3,1,1
60309.59,3938.9,66.48,24.59,8.64,2,8,1,1
55266.72,10799.94,69.6,20.96,11.14,1,5,1,1
42105.41,15364.43,82.62,75.35,4.05,0,5,1,1
48130.23,21028.15,86.42,36.85,1.47,0,5,2,1
56109.1,12260.01,61.57,85.96,8.74,0,7,1,1
61997.6,6771.2,87.97,26.89,3.15,2,4,5,1
73305.41,3741.62,72.17,52.1,11.22,2,6,3,1
83778.84,500.0,97.36,39.86,0.5,1,4,1,1
53524.35,15180.59,77.78,32.02,5.13,2,9,2,1
49964.56,500.0,68.52,21.73,4.54,0,7,0,1
69628.42,5993.69,82.91,18.31,5.67,0,7,5,0
73438.59,13273.18,71.01,50.79,8.04,1,5,2,1
50447.59,1968.99,97.23,60.46,8.58,3,3,1,1
77388.66,22557.03,82.01,37.17,9.56,1,4,0,1
81550.88,26882.68,80.18,40.79,10.02,2,10,1,1
88417.1,11406.88,89.1,53.82,6.31,0,5,4,1
99123.06,12755.67,69.94,20.48,15.43,3,5,1,1
40938.84,24449.16,66.53,72.96,12.55,3,1,3,1
60305.76,9432.06,86.9,68.2,5.75,5,6,1,1
60248.11,8607.19,68.8,60.04,6.45,2,12,1,1
57842.38,32357.98,68.8,11.22,5.67,0,8,1,0
45716.22,28610.25,92.04,33.17,8.45,0,4,0,0
27317.64,25218.6,88.3,31.23,3.11,0,7,4,1
62038.95,29107.74,66.95,6.35,3.84,6,4,2,1
43096.18,500.0,74.57,8.94,0.5,1,9,4,0
61891.86,34246.03,71.16,17.21,5.41,2,2,0,1
42531.04,22704.75,100.0,28.94,11.26,1,4,2,1
35807.52,30129.38,92.87,26.56,6.39,2,4,3,1
65154.56,22645.94,76.95,61.94,6.62,2,5,0,1
63320.27,18587.1,88.91,3.85,8.11,3,8,1,0
72744.2,14696.29,65.73,59.21,2.99,5,6,0,1
108089.0,22405.73,73.93,12.89,7.1,1,6,3,1
66100.37,14259.03,83.26,20.81,10.56,0,6,0,0
70671.8,28414.51,87.43,50.56,8.23,0,2,2,1
36293.65,500.0,80.83,19.95,10.91,1,6,0,0
31688.04,11501.09,84.98,18.6,12.06,1,4,3,1
94822.25,42537.88,82.94,21.32,9.65,0,3,3,1
39683.44,10487.03,80.04,26.92,4.15,2,6,2,1
37033.23,15135.8,78.45,41.04,5.62,1,7,1,0
59139.82,7409.03,76.88,53.79,14.73,1,8,1,1
58015.77,22030.15,84.78,17.96,8.26,1,4,1,1
40144.86,9164.82,86.93,55.89,7.72,0,4,3,1
53290.59,15772.67,84.38,41.38,3.56,2,5,5,1
87046.27,28186.4,67.86,9.73,6.63,2,6,0,1
42268.14,9614.84,70.01,29.71,9.87,1,7,1,1
29339.21,27463.33,86.79,56.41,7.06,2,6,1,1
80737.06,27866.75,99.66,39.27,4.92,0,5,1,0
70830.53,30659.47,83.83,48.47,5.85,1,6,1,1
46348.59,19686.49,77.06,37.46,11.77,2,3,3,1
25192.33,56895.11,84.69,65.77,9.67,1,4,0,1
43618.29,30654.4,68.36,23.96,9.14,3,4,1,1
58796.5,21898.53,97.71,37.56,8.76,0,4,1,0
85644.79,7488.91,84.24,50.59,2.27,2,11,0,1
37195.2,16835.29,73.97,66.71,8.09,4,4,3,1
58140.56,35115.92,80.0,22.98,11.27,3,1,2,1
74853.18,38514.42,75.68,17.26,5.96,2,2,1,1
18000.0,35739.95,97.74,40.55,10.91,2,9,0,1
82743.3,27422.31,79.57,13.4,9.18,1,6,2,0
33986.09,2932.08,83.86,6.85,10.31,3,4,2,0
67303.9,23845.94,88.88,25.0,7.2,1,7,1,1
65427.03,3103.17,73.11,51.23,10.55,0,5,2,1
83860.9,500.0,84.32,11.35,1.14,1,1,2,0
72120.34,20869.9,85.29,27.57,7.13,4,4,3,1
18000.0,24278.39,63.35,23.55,9.85,2,9,1,1
42734.86,28840.53,85.03,87.6,8.19,3,2,1,1
63040.51,23965.63,81.45,9.31,11.38,2,6,1,1
55710.44,24379.03,83.56,74.85,6.37,3,7,1,1
70507.44,6184.17,82.43,29.38,4.81,0,3,1,0
77366.06,16740.28,85.11,22.72,0.5,0,7,1,1
73385.94,500.0,98.05,36.79,5.91,3,6,1,0
55285.95,500.0,67.85,73.7,9.07,2,11,1,1
19380.59,26887.71,77.89,31.68,10.04,2,9,1,1
49979.41,8962.51,90.0,54.11,1.4,0,6,5,1
69160.1,28469.98,87.77,9.19,11.7,1,5,0,1
36010.16,31300.17,87.51,7.56,3.1,2,7,3,1
73888.04,10568.19,100.0,52.98,6.52,2,5,1,1
79984.65,25083.73,89.37,22.88,4.72,2,7,1,1
62791.07,10066.12,95.57,31.61,8.67,1,4,0,0
18000.0,500.0,78.32,71.62,7.38,2,9,2,1
31882.06,19479.71,70.09,26.03,9.71,1,7,1,1
101496.16,12349.51,78.23,49.62,14.38,2,3,1,1
47976.17,12718.93,90.54,23.12,8.59,1,6,1,1
18000.0,41704.12,86.88,34.86,4.69,1,5,2,1
87175.44,500.0,86.84,8.48,8.84,1,8,1,0
60293.82,22594.45,79.43,56.85,14.78,3,5,4,1
84308.69,6062.31,77.51,56.15,9.63,0,6,0,0
66093.09,28899.14,79.84,56.79,10.78,0,2,4,1
70088.3,21581.17,90.69,8.98,0.63,0,1,1,1
67986.2,22552.13,92.09,49.48,8.55,1,9,2,0
75344.74,6661.32,69.93,51.08,5.93,0,8,1,1
110103.47,8812.95,91.15,15.45,4.28,1,4,1,0
81362.14,29127.01,74.19,43.05,6.91,3,7,1,1
25232.54,39249.57,87.63,46.72,7.43,1,2,0,1
69826.55,23763.69,79.7,2.88,4.5,1,4,2,0
85112.58,7230.95,100.0,25.18,7.75,3,9,3,1
86459.42,22067.26,76.98,32.89,6.31,1,11,1,0
50614.69,47129.66,84.14,15.82,9.81,2,8,0,1
85628.78,19229.07,89.28,7.41,7.91,0,8,1,1
80410.33,35542.09,71.51,40.24,8.5,2,5,0,1
116595.38,9116.05,81.13,10.2,10.92,1,10,2,1
43499.96,17494.97,78.8,28.84,9.22,1,7,0,1
48837.19,25434.78,75.83,74.37,6.98,2,7,1,1
53265.38,22767.94,76.72,7.56,0.5,2,6,1,1
49215.11,8803.34,95.34,45.92,9.05,0,5,0,1
40419.54,8285.79,74.82,25.62,3.35,0,5,1,1
18000.0,29859.41,88.8,20.73,6.66,1,4,1,1
50436.61,32298.61,85.78,42.29,8.48,2,4,1,1
68125.88,36145.72,65.24,21.44,12.33,1,3,1,1
49149.12,39647.17,88.23,40.21,14.37,2,4,0,1
102578.39,19615.43,65.04,58.93,3.32,6,8,3,1
60294.27,14265.61,89.54,68.6,1.74,1,7,3,1
88402.64,34211.89,75.91,45.86,8.3,4,4,3,1
65751.25,26556.83,82.1,42.4,7.97,1,5,2,1
78180.96,6210.54,66.47,29.0,2.19,2,6,2,1
66143.31,5596.37,83.47,24.0,6.93,2,14,1,1
90113.26,23903.16,93.12,21.11,9.39,0,9,1,0
61230.67,15872.7,72.32,18.58,2.08,0,5,3,1
70914.66,17682.84,74.71,32.73,3.02,2,7,0,1
68059.32,30870.4,87.46,13.27,4.42,2,5,1,1
53657.72,27108.45,87.76,34.18,6.15,2,5,5,1
68909.61,33958.48,52.79,33.98,9.78,3,7,1,1
109156.5,500.0,100.0,16.5,5.69,2,5,2,0
54051.27,21040.78,88.34,24.07,7.22,1,5,2,0
69228.23,26336.26,90.36,20.9,15.98,1,5,1,1
87671.14,500.0,80.28,37.96,3.17,1,10,2,1
85085.57,10141.25,59.74,51.17,4.39,7,9,4,1
60257.76,7914.18,90.1,27.79,9.71,0,9,2,0
18000.0,18260.38,75.22,32.0,10.95,0,7,2,0
71367.46,37534.25,88.53,39.66,8.66,1,12,1,1
18000.0,42271.07,79.37,9.52,14.24,1,3,2,1
92338.62,8228.55,84.86,47.0,8.27,0,3,1,1
63728.43,24318.69,72.7,14.0,0.5,1,6,1,1
81992.83,24705.57,92.37,8.6,7.39,0,5,2,0
40153.55,22651.51,67.74,31.34,4.72,1,6,1,1
25844.84,22787.76,100.0,61.27,12.54,3,6,4,1
65736.6,21644.91,100.0,29.04,10.86,0,8,2,1
59260.72,38250.84,100.0,26.28,0.64,0,7,4,1
49186.1,31229.6,97.31,53.91,12.4,2,7,2,1
61862.55,5278.15,80.99,23.81,10.76,2,12,0,0
120883.59,27548.65,96.0,20.48,5.7,1,2,0,1
78359.56,28708.48,80.85,14.62,6.69,1,5,2,1
83088.97,21779.61,63.36,43.4,12.57,0,6,1,1
78566.61,31577.09,100.0,60.06,0.5,0,1,2,0
92548.17,20256.89,95.55,75.4,8.78,1,6,1,1
55818.42,20405.61,81.62,39.64,11.37,2,10,0,1
18000.0,19454.89,67.3,16.16,6.65,0,4,2,1
55851.11,500.0,74.97,36.89,9.59,1,12,0,0
77858.19,17035.22,60.15,21.33,7.41,2,8,1,1
38664.39,9980.99,93.34,62.14,3.86,2,5,1,1
56119.95,3762.62,62.76,29.1,3.76,1,6,0,1
44781.07,35208.22,85.44,29.81,9.85,2,5,2,1
93044.64,24050.49,71.88,50.02,4.46,3,11,0,1
76488.05,17642.03,64.88,33.72,0.9,0,6,1,1
74333.89,11222.36,84.86,63.34,7.49,3,9,0,1
73675.23,21554.04,77.99,32.51,4.95,2,4,4,0
59180.52,29897.23,92.06,62.03,2.2,1,5,4,1
64346.24,8076.41,66.79,39.92,7.29,3,5,3,1
33925.94,17942.06,72.91,42.32,10.07,2,7,3,1
18000.0,28416.8,53.35,77.85,7.08,1,8,0,1
63301.78,500.0,55.79,10.31,2.74,1,3,0,0
67127.79,17309.16,100.0,17.37,8.93,1,6,2,0
86603.82,12848.5,100.0,27.65,11.14,3,6,0,1
94569.39,16394.04,83.11,41.87,15.85,0,12,0,1
94539.97,11980.46,72.11,40.42,12.77,0,3,1,1
38043.48,19651.5,78.42,6.94,2.98,2,4,2,1
52250.17,41083.53,92.48,21.38,10.43,2,10,3,1
70567.35,14112.93,75.83,38.22,8.03,0,7,4,0
115701.9,21500.53,84.85,48.94,2.39,2,10,3,0
92562.18,41936.96,81.85,49.93,8.14,1,6,0,1
84626.74,11399.81,75.17,21.05,14.67,1,9,2,1
51468.66,39776.1,75.69,9.92,11.78,1,9,2,0
40569.61,18063.88,85.52,42.05,2.95,2,11,3,1
77355.97,39382.75,70.28,22.41,7.05,4,2,1,1
35785.45,27002.41,87.42,44.84,8.97,1,8,0,1
54754.4,21685.3,76.34,9.47,0.5,2,7,1,1
57474.89,17212.43,83.53,70.92,0.5,1,3,2,1
95044.07,10511.5,98.61,11.8,7.62,1,5,2,0
52196.66,18909.5,79.98,24.12,7.67,1,3,1,1
18000.0,28768.34,93.04,22.17,0.5,0,7,1,1
71097.78,17842.66,60.5,51.85,8.55,0,8,0,1
44621.52,14200.53,76.36,33.71,11.35,3,6,2,0
60937.88,14990.61,82.33,25.33,6.13,5,7,2,1
58092.5,29909.72,100.0,35.25,7.24,1,3,0,1
53978.51,32701.94,58.48,28.02,9.29,0,6,2,1
77387.49,9994.19,80.85,29.66,8.76,3,8,0,1
26276.97,9976.95,99.48,19.65,0.5,4,7,2,1
48625.69,22552.31,72.58,53.21,3.38,5,5,1,1
75048.83,36330.38,79.45,12.27,5.42,1,8,2,1
46490.13,31751.88,85.98,37.56,3.56,3,3,1,1
24606.25,2977.77,84.21,13.88,12.87,2,10,2,1
74708.22,14831.09,100.0,78.66,9.54,2,7,3,1
84708.08,6832.76,87.38,31.4,2.56,2,2,2,0
59010.11,14789.85,97.93,44.09,6.14,2,11,3,1
18000.0,37252.92,77.68,10.28,11.52,2,6,1,1
75531.33,928.79,73.11,11.26,4.42,1,6,4,0
23482.47,500.0,79.29,44.65,10.41,0,7,2,1
66793.58,8057.35,68.09,19.68,12.53,1,8,4,1
40475.8,21447.73,87.8,51.31,11.86,2,10,1,1
34483.54,25449.06,77.37,26.88,7.72,4,4,1,1
50277.98,23249.38,73.94,14.12,12.0,2,5,1,0
55967.45,32108.22,87.98,51.82,4.91,1,7,2,1
45827.42,500.0,68.28,52.92,16.94,2,8,3,1
72951.47,32260.04,91.25,43.89,7.96,1,6,2,1
50186.47,14254.86,76.26,48.4,11.59,2,4,0,1
81564.2,26777.93,95.91,21.69,5.55,2,5,1,1
66185.81,2118.89,77.29,16.09,9.0,1,9,2,0
44653.74,18059.48,89.58,19.16,9.17,0,10,6,1
40949.32,20835.25,84.15,26.29,3.28,3,5,1,0
23755.08,31869.01,90.93,62.3,3.17,0,2,3,1
66396.13,500.0,83.32,32.8,6.18,1,8,1,0
52199.07,18369.03,62.04,43.5,11.42,1,3,0,0
18000.0,4977.18,94.11,44.46,0.5,2,5,2,1
48214.27,24065.95,80.95,10.55,5.55,2,8,3,1
40177.25,27326.6,91.47,36.99,12.24,3,5,1,1
94664.91,33446.04,90.28,6.84,2.07,1,9,2,1
22538.87,11579.65,72.72,37.17,12.02,3,3,2,1
28290.28,29126.72,71.02,42.16,2.49,1,5,3,1
84419.33,34330.82,89.86,25.03,3.33,1,2,3,1
89848.79,500.0,78.36,7.94,6.41,1,5,5,0
43610.38,25348.14,93.24,24.02,14.49,0,5,3,1
46094.11,29502.14,79.86,45.44,4.44,1,11,1,1
73557.18,14895.28,94.28,21.83,0.5,2,4,3,1
18000.0,3470.72,87.08,2.62,1.39,0,4,2,0
19053.74,29315.47,85.46,37.88,10.73,2,5,2,1
53823.87,3605.89,77.51,50.23,1.58,3,1,3,1
94097.59,15859.78,84.79,14.72,11.75,1,3,4,1
50413.94,17518.51,96.31,55.23,7.28,1,6,1,1
62220.61,26586.46,81.35,26.06,6.87,3,4,2,0
84943.36,10480.42,88.37,61.89,8.19,2,2,1,1
106351.46,9785.0,82.56,50.4,3.8,4,7,5,1
47309.33,19186.99,83.5,47.79,7.55,3,3,1,1
59629.59,30076.69,100.0,30.99,2.23,3,3,1,1
100085.21,45449.4,96.42,34.46,12.4,1,3,3,0
26511.62,500.0,82.95,43.85,2.89,1,4,2,1
82606.78,21784.1,84.57,32.15,8.76,3,11,1,1
37597.06,4961.58,73.58,19.92,2.86,0,2,1,1
62254.39,30225.73,79.92,49.65,4.87,0,4,0,1
54662.38,6737.47,85.71,52.92,5.5,0,2,2,1
38923.74,9904.22,92.21,7.85,18.93,2,4,0,1
38371.76,10928.75,90.99,37.18,6.94,1,9,3,1
66081.12,17085.61,68.69,51.57,3.71,2,3,2,1
81901.87,21878.37,93.72,41.53,5.22,3,7,1,0
57145.8,23804.42,80.93,34.37,0.98,2,10,1,1
61542.49,17930.79,70.16,41.62,6.35,1,9,4,1
72565.83,2041.31,98.04,19.21,14.4,0,4,0,0
38624.39,26733.43,99.56,80.38,8.34,3,7,5,1
76273.24,17364.5,85.16,13.3,10.61,1,1,4,1
78025.55,31940.82,90.51,25.25,3.36,0,14,2,0
117279.78,9507.13,91.21,40.28,6.19,1,4,4,0
51725.71,500.0,98.75,35.85,7.82,3,6,2,1
49922.2,17591.69,90.74,70.28,4.1,2,10,1,1
76917.25,33551.43,66.07,22.18,8.6,1,4,3,1
78020.29,19931.31,100.0,20.04,9.46,4,2,1,0
48228.08,15603.96,94.79,15.41,9.17,0,10,0,0
51130.42,7555.84,75.89,64.83,6.4,2,4,0,1
71904.88,39093.2,69.64,16.69,11.36,0,4,1,1
41793.15,5644.77,88.06,58.46,5.97,0,3,3,1
50968.25,9295.27,78.66,46.84,5.6,2,4,0,1
61971.04,24840.41,85.96,26.46,12.77,2,5,2,1
81910.65,500.0,90.92,27.13,2.57,2,3,0,0
46698.83,33295.09,75.2,31.17,0.5,1,5,4,1
19467.54,25490.32,68.61,44.08,3.53,1,4,0,1
18000.0,28790.77,86.63,55.22,8.55,1,4,2,1
32292.91,24697.4,75.6,56.15,12.13,1,4,2,1
31110.31,16066.52,83.75,21.24,4.36,1,5,2,1
56598.56,5242.22,65.88,70.86,14.26,2,7,3,1
33844.64,16319.09,78.97,27.83,7.11,0,5,0,1
44539.39,6297.16,90.58,55.93,6.54,1,4,1,0
42970.11,23833.86,89.27,26.18,3.6,0,7,1,1
50308.83,27681.36,72.54,46.78,14.81,1,8,1,1
89095.1,35721.7,67.98,64.83,6.4,0,7,1,1
74562.85,22461.21,82.19,43.99,1.67,1,6,1,1
60354.85,29094.9,88.73,69.89,16.83,3,5,0,1
49857.42,14434.26,86.86,11.27,8.57,2,9,2,1
50468.88,12260.67,75.85,27.37,10.2,0,5,1,0
67210.42,23684.06,85.57,27.04,13.73,0,3,2,0
72851.72,13362.33,100.0,60.33,9.46,0,7,1,1
40032.41,21230.23,84.46,43.12,10.9,1,6,3,1
60802.58,5265.69,62.4,25.24,7.22,1,10,0,1
18000.0,7420.47,84.44,27.27,9.93,1,9,1,1
64657.7,25624.91,100.0,77.6,6.86,0,14,4,1
76767.28,28640.28,66.55,28.0,6.92,1,7,1,0
53838.49,6172.13,82.36,31.51,7.48,2,4,1,1
99963.59,26047.37,79.28,9.98,5.41,0,5,2,1
40612.75,11607.17,83.15,64.09,9.02,0,3,0,1
64783.69,18198.06,84.33,39.27,9.01,1,6,1,0
59211.86,35003.33,95.68,27.11,10.28,1,7,1,1
57793.45,27689.85,83.02,21.93,9.56,1,9,2,1
57484.91,27550.46,97.33,34.55,15.0,2,8,4,1
62356.31,40905.48,80.59,39.77,11.21,1,10,2,1
78655.09,9553.45,77.8,4.1,6.17,2,5,2,1
90310.2,6169.5,73.97,26.25,8.81,1,5,5,1
59950.49,9334.53,60.19,42.95,12.65,4,4,1,1
77936.95,14945.99,85.31,45.47,3.2,1,8,0,1
44561.13,500.0,100.0,44.42,15.06,1,6,1,0
76851.02,15510.86,87.5,53.55,3.9,6,3,3,1
43236.19,11465.15,90.24,40.19,10.6,2,8,0,1
83994.52,27405.12,77.04,8.97,7.03,4,7,0,1
108634.1,22229.03,79.07,48.59,6.8,2,6,1,1
57314.15,10791.64,93.82,15.89,1.79,3,6,0,0
18000.0,25079.53,100.0,42.85,10.63,5,6,0,1
47942.4,26679.16,99.86,16.25,1.85,0,6,2,1
87101.25,8777.45,91.66,39.72,1.23,3,11,0,1
72167.69,12083.71,82.42,31.33,11.64,2,7,1,1
65476.1,500.0,84.52,59.63,14.16,4,7,1,1
82190.7,4912.08,72.96,29.76,4.33,0,10,0,0
70657.98,9090.37,64.62,46.13,11.01,3,9,1,1
86789.95,18889.99,68.48,75.25,10.19,1,6,3,1
80227.32,6655.41,82.6,47.49,6.63,1,4,2,0
93477.41,11838.58,78.5,21.6,12.34,0,9,0,0
67893.51,3296.03,64.37,15.96,6.35,0,9,3,0
79915.71,20053.37,81.55,25.56,9.07,3,7,1,1
53243.2,23108.58,78.18,65.15,1.98,2,11,1,1
46767.86,22828.38,67.93,15.51,2.16,3,7,2,1
97548.89,18148.33,77.56,23.73,11.68,1,6,0,1
64756.5,500.0,78.15,51.25,9.2,1,7,2,1
77707.37,10560.56,74.6,21.17,6.43,1,7,2,0
62722.28,13112.32,93.12,31.28,14.63,1,7,1,1
47096.66,13160.46,59.17,20.77,14.59,1,8,1,1
60241.62,18899.77,58.17,69.83,8.76,2,1,0,1
91591.87,35106.5,82.04,64.96,1.18,1,4,0,1
72215.28,27745.15,83.15,41.58,6.55,3,14,0,1
22347.59,6149.79,86.85,18.35,3.67,1,10,4,0
55264.62,26140.83,75.53,61.11,7.36,2,5,1,1
99210.46,25683.63,70.98,6.58,3.25,0,9,2,0
55296.47,8327.19,81.91,13.97,2.22,3,4,1,1
20389.47,28186.39,76.7,33.82,0.5,3,2,0,1
101647.08,16075.48,100.0,18.32,7.67,1,6,3,0
75012.64,1080.56,78.11,55.56,0.5,1,6,0,0
58459.72,23462.43,81.36,7.59,5.72,1,5,1,1
51828.81,20603.54,100.0,14.57,9.78,2,4,2,1
83811.74,15267.87,79.66,41.26,4.11,4,7,1,0
48076.37,17550.56,88.67,23.44,2.66,0,4,1,1
85261.64,9370.97,89.76,8.7,6.73,1,7,2,1
71928.3,25321.57,90.78,37.25,3.69,1,6,2,0
65383.0,17478.59,85.47,17.82,7.74,2,4,2,0
63201.33,19997.39,84.33,57.23,2.87,3,8,0,1
56150.7,22285.7,83.2,49.91,6.58,3,4,2,1
83004.08,4144.97,75.09,25.84,5.61,3,5,1,1
40962.46,7268.6,85.91,32.4,6.95,2,10,1,1
24317.65,500.0,100.0,29.62,13.54,2,6,3,0
73517.68,24776.91,96.53,45.63,7.8,4,2,2,1
73887.24,3453.48,85.65,46.4,9.02,1,9,0,1
70565.31,19590.84,92.27,36.3,4.5,0,4,4,1
68970.02,22451.86,71.57,27.24,7.89,2,3,2,1
52948.11,25228.23,78.87,56.32,5.9,0,6,1,1
77324.62,3551.8,93.37,53.95,7.12,1,6,2,1
58997.72,17218.06,99.85,46.2,9.6,1,5,1,1
49283.5,38043.37,72.75,5.2,5.0,6,12,3,1
53138.39,38571.78,76.2,35.87,5.41,1,5,1,1
104454.07,29847.88,100.0,23.6,5.05,2,4,0,0
21830.53,22049.92,83.16,32.63,4.98,0,5,3,1
70995.34,5938.72,100.0,15.64,7.69,0,4,4,0
23059.57,26623.46,84.48,55.51,5.54,4,7,2,1
57618.87,16103.75,84.95,10.26,12.99,0,3,1,0
50460.2,24726.34,78.33,23.84,17.72,1,4,1,1
18000.0,10405.88,93.31,16.62,4.73,4,6,0,1
68558.83,15924.8,98.29,15.31,8.18,1,3,0,1
51639.16,19969.77,69.58,60.46,11.15,0,3,1,0
18000.0,20955.34,77.77,42.17,5.94,1,6,1,1
78470.5,23924.67,92.98,59.22,3.02,0,3,2,1
91570.14,11049.66,80.45,15.82,13.95,2,5,3,1
92782.74,1880.59,76.08,36.49,9.74,1,7,4,0
67897.04,37497.42,94.11,52.46,8.27,2,9,0,1
61013.28,47871.05,95.24,11.4,12.8,2,5,3,1
89219.45,23369.05,76.6,15.54,10.08,1,10,1,1
97012.44,2112.09,84.55,30.59,6.81,0,1,2,1
84938.51,8721.66,67.5,39.18,3.09,1,7,1,0
39286.17,24109.41,71.25,2.54,5.03,2,5,3,1
64429.59,34093.39,83.49,5.23,11.82,4,6,5,1
69669.36,3445.31,82.38,64.11,9.73,4,8,5,1
20188.43,16508.01,70.4,6.59,6.25,2,5,2,1
70325.93,20351.18,73.41,15.46,14.07,0,1,0,0
110005.82,28374.94,69.22,38.5,6.37,1,5,0,1
74078.6,13876.79,87.46,23.47,10.95,0,4,2,1
92415.09,500.0,58.39,16.41,7.88,2,6,1,0
64024.12,25454.37,69.86,12.39,14.73,3,7,0,1
58389.2,31497.55,59.64,38.07,10.01,2,6,0,1
68387.97,17008.9,87.03,72.03,7.18,1,7,2,0
42051.81,22862.88,60.37,1.4,6.28,6,6,2,1
38796.95,12306.11,82.38,27.07,6.94,0,9,1,0
87858.7,7850.73,100.0,76.53,4.1,0,10,2,0
90191.53,30317.11,100.0,51.57,1.53,0,9,1,1
38195.66,22649.95,60.33,30.15,8.23,0,8,2,1
81295.97,23884.42,85.58,22.11,4.87,2,7,0,0
58086.88,36025.38,70.13,37.34,4.86,2,5,2,1
67475.79,5341.89,67.68,8.5,6.64,0,1,1,0
70124.81,11375.68,80.64,47.03,7.21,3,6,0,1
81875.71,19895.2,96.74,63.47,7.03,2,5,0,1
61819.8,11228.24,89.2,69.24,13.95,2,2,1,1
91023.56,27397.64,73.42,19.78,9.65,1,3,2,1
66807.08,15751.21,90.46,62.92,15.43,2,7,0,1
73732.05,6089.61,55.08,64.49,5.24,1,7,2,1
41668.22,18789.26,72.96,48.59,10.13,1,8,2,1
107490.5,20044.07,72.11,25.72,5.47,2,10,2,0
70336.15,29216.18,82.94,37.08,4.76,3,5,0,0
75685.94,22717.69,79.57,15.53,15.58,1,7,2,1
24619.91,23533.76,80.3,35.23,3.93,1,8,0,1
41900.56,21843.5,79.9,13.08,0.5,2,9,1,1
87233.44,15741.33,82.27,36.73,4.17,3,5,3,1
66311.6,9405.37,88.48,25.39,0.5,1,11,1,1
18000.0,21466.06,83.79,23.94,3.19,2,3,1,1
82842.38,14002.5,78.59,33.16,3.57,1,3,3,1
48036.78,38277.87,86.82,31.52,7.14,5,4,5,1
91048.97,34106.19,91.91,37.99,0.5,2,6,0,1
58067.62,25594.07,75.33,27.42,11.78,2,5,3,1
64503.55,22541.6,81.29,6.13,0.5,0,6,2,0
85937.0,16944.49,95.94,34.85,6.49,3,7,0,1
40255.15,2866.52,68.77,15.03,5.7,0,7,1,1
38157.37,15405.93,100.0,43.31,10.3,0,5,0,1
55677.03,19216.8,65.93,28.99,8.41,1,4,2,1
78197.8,20753.48,77.86,57.89,11.75,4,8,1,1
30720.7,23634.44,70.6,37.19,5.55,0,5,3,1
23303.24,29055.96,100.0,55.63,5.14,2,3,2,1
78121.86,9694.15,75.96,31.14,8.65,1,6,1,1
46734.48,9803.09,75.99,14.62,11.12,1,5,2,0
51371.03,35410.28,77.55,39.87,10.3,1,6,0,1
19150.17,27251.78,83.15,14.82,8.29,1,7,0,1
45062.46,13310.75,78.06,26.45,7.93,1,9,3,1
59833.52,16713.47,80.41,5.85,6.85,0,7,3,0
80468.31,16767.43,39.65,48.57,8.64,2,11,2,1
43032.94,18378.89,82.69,70.8,15.14,1,5,3,0
96462.27,23672.2,82.21,31.6,6.03,1,2,0,0
44939.77,48419.91,94.46,28.8,5.54,1,6,0,1
44971.98,20277.08,97.71,35.1,5.24,0,3,1,1
93821.87,25951.18,79.75,34.04,8.56,0,8,1,1
64652.12,500.0,91.79,70.67,0.5,0,6,2,1
47855.46,12181.2,68.78,37.71,6.46,1,7,1,1
56587.07,32745.78,91.21,55.03,10.52,1,6,1,1
89767.62,22827.78,75.13,58.21,4.9,1,7,1,1
92256.46,500.0,67.78,51.57,7.75,1,9,0,0
42030.55,26088.28,79.77,46.36,15.44,0,3,1,0
59066.46,41017.97,98.81,12.57,8.33,0,8,1,1
61983.45,500.0,84.17,29.2,0.5,1,6,2,0
38302.72,36232.65,99.96,32.45,1.36,1,12,4,1
58774.93,500.0,73.02,13.4,6.0,1,5,1,0
60117.1,29255.99,94.57,38.39,3.78,1,4,4,1
85084.61,17896.22,74.17,32.56,7.41,1,4,1,1
86563.35,500.0,84.7,21.97,5.82,0,4,1,0
52757.39,23353.65,84.6,29.22,11.66,1,9,4,1
55293.03,31810.08,89.94,6.27,2.63,0,8,0,1
74614.43,22366.64,85.01,49.22,6.17,3,6,1,1
47125.85,25017.93,73.13,53.38,7.87,1,6,1,0
72950.08,13059.89,92.56,27.23,8.36,2,2,2,1
58066.06,500.0,100.0,17.01,7.59,2,4,3,1
38673.23,26302.37,74.99,46.58,0.5,4,9,0,1
38949.59,38997.05,59.98,4.93,7.33,1,4,2,1
91835.29,31554.97,87.99,30.78,6.4,3,1,1,1
56558.73,500.0,78.03,11.61,10.46,1,4,1,1
96087.79,500.0,80.43,9.04,9.89,3,6,4,0
48700.0,7848.39,88.67,31.64,7.96,1,6,1,0
66406.51,500.0,76.52,58.43,8.25,2,3,1,0
112638.89,18530.28,78.77,30.43,12.41,3,2,3,0
36737.49,22720.99,80.8,21.51,11.6,0,6,3,1
18248.08,836.96,99.64,11.03,8.1,0,3,1,1
88304.98,27325.54,82.36,58.92,15.58,0,5,2,1
41810.2,25213.25,67.17,6.83,4.49,0,2,1,1
59544.46,11422.09,67.65,62.37,2.26,4,5,2,1
47109.8,15929.74,83.67,20.75,6.96,2,1,0,1
65899.58,500.0,68.45,41.62,5.5,4,7,1,1
39088.2,14012.85,63.25,26.93,0.5,1,4,0,1
56041.32,18088.62,89.63,41.22,4.39,1,8,2,1
69895.94,20024.97,90.21,43.16,8.37,0,9,2,1
37817.2,22546.52,77.58,36.88,6.77,0,6,1,1
44598.15,20930.9,85.52,34.42,3.89,5,8,1,1
52357.58,14827.88,84.26,10.07,7.17,1,7,0,1
28566.06,21434.34,89.23,65.65,7.49,1,11,1,1
50703.66,30024.38,89.26,37.89,9.86,2,8,2,1
62613.52,16854.02,50.73,69.6,4.43,0,4,5,1
51209.92,21811.14,79.11,9.87,10.5,1,11,1,1
54029.72,15765.95,88.21,13.13,2.64,2,8,3,1
59562.16,10238.89,77.07,8.13,4.99,2,3,1,1
45573.64,24274.56,82.43,47.4,13.8,1,5,2,1
75203.38,11337.29,91.01,70.69,2.9,2,9,1,1
91591.52,22633.76,82.97,47.31,4.36,2,8,1,1
49783.63,18339.06,100.0,47.83,1.99,1,8,4,0
70674.36,14352.78,95.52,17.05,3.69,1,6,2,0
54728.42,14062.29,80.58,41.74,7.55,1,5,4,1
68040.72,11902.55,79.62,26.04,9.83,3,5,2,1
94447.15,500.0,47.8,36.57,6.93,2,5,3,1
71190.51,22594.74,78.08,18.86,5.7,2,4,1,0
20984.88,20778.56,65.76,15.13,2.03,3,10,1,1
69987.9,28196.04,84.65,23.97,4.09,0,4,1,1
87123.0,11622.52,83.83,35.9,0.82,3,3,3,1
55124.88,40744.6,90.35,69.27,9.95,2,9,1,1
81903.97,13443.17,98.76,4.3,10.22,1,4,5,0
44817.46,7498.68,81.68,21.6,6.84,3,4,1,1
27318.14,6075.78,100.0,59.57,8.77,2,7,2,1
63105.72,500.0,84.79,16.35,10.5,0,11,2,0
21357.51,36391.53,66.28,54.12,7.4,1,7,0,1
54725.04,34452.81,75.26,62.5,12.57,0,7,1,1
88310.53,25208.94,77.53,23.86,2.9,0,8,1,0
18000.0,7246.93,89.11,60.24,5.61,1,5,0,1
31851.07,39735.21,70.63,31.1,5.13,2,5,0,1
37295.29,13779.37,78.42,33.89,9.59,1,9,1,1
58606.96,14771.69,80.07,31.15,1.26,0,3,1,1
51954.23,35247.11,76.62,49.37,12.79,3,5,0,1
90781.0,25906.93,91.74,44.06,9.25,2,8,2,1
80995.66,44413.24,89.7,47.12,14.0,2,5,4,1
70896.0,20984.67,96.0,50.25,6.84,0,3,0,1
63203.87,13235.63,78.03,48.23,4.8,2,2,2,1
68651.06,10658.34,96.43,64.8,9.63,2,11,1,1
41036.39,500.0,65.63,23.66,11.12,4,2,3,0
78858.63,14656.85,65.34,18.46,4.14,4,8,2,1
35535.03,31735.12,67.43,18.57,0.5,0,4,2,1
78378.29,25186.01,82.11,40.02,0.5,0,6,3,0
86095.14,18243.7,96.43,27.11,8.05,3,8,3,1
64639.02,6060.79,74.77,30.14,13.16,1,3,0,0
56123.31,20722.48,76.28,35.89,1.8,0,4,2,1
68806.82,30153.76,79.41,48.72,5.91,0,6,3,1
18000.0,23168.63,88.87,30.31,5.61,3,5,1,1
66649.68,20000.82,76.27,32.14,14.68,2,6,2,0
57506.21,8436.51,75.6,29.55,16.03,3,6,2,1
58886.18,28406.18,65.86,5.83,8.7,1,9,2,1
75543.72,500.0,75.14,27.62,10.59,0,8,2,1
58355.08,22594.15,96.13,56.98,10.48,0,4,3,1
34915.45,48843.86,83.09,7.19,1.88,1,4,2,1
56889.14,500.0,73.12,22.85,9.79,3,5,2,1
61486.22,15103.57,96.83,71.65,2.92,0,9,0,1
62528.55,17905.07,74.98,33.25,6.31,1,1,2,1
63562.23,12449.01,99.04,49.33,11.56,1,4,2,0
82866.12,30436.49,98.84,9.02,7.32,1,9,0,1
36107.24,23669.41,82.67,50.18,11.41,1,3,2,1
63865.41,19827.6,64.02,12.69,12.2,3,6,3,1
88378.45,27567.27,100.0,63.53,0.5,0,5,5,1
21838.55,18201.01,86.65,27.18,0.5,1,5,0,1
63952.23,56158.37,78.11,59.02,11.65,1,8,2,1
47121.67,19816.16,93.47,15.41,11.81,3,9,0,1
51844.37,20343.39,90.43,40.67,8.03,3,8,1,1
40094.23,500.0,97.73,51.07,8.57,2,7,1,1
56269.88,11478.6,74.05,31.14,10.57,1,8,4,1
100507.62,31768.53,85.82,55.26,10.5,3,6,1,1
32182.53,1974.52,67.77,15.78,5.78,1,5,2,0
34268.58,500.0,90.0,31.91,10.82,1,9,2,1
31357.44,18387.79,81.72,24.0,5.61,1,5,1,1
98003.2,34448.93,85.37,25.15,7.97,2,2,2,0
49828.53,18508.57,80.24,24.81,7.8,0,6,2,1
59435.94,13966.5,78.99,47.42,3.56,1,7,2,1
51138.78,500.0,71.58,38.79,4.03,1,6,1,1
39222.7,23427.05,91.49,25.87,15.94,3,7,1,0
54826.69,25935.3,99.88,50.37,3.43,1,6,1,1
114081.36,500.0,75.32,69.43,8.48,3,8,1,1
90625.56,31614.39,88.64,32.45,9.32,4,8,0,1
41235.37,27188.35,87.19,11.47,6.78,2,7,0,1
74246.63,31587.79,82.1,23.91,9.69,2,10,1,1
41706.5,25002.3,63.68,57.67,8.32,2,8,1,1
20919.91,25844.19,66.38,5.76,3.52,2,5,0,1
82429.24,24248.65,72.63,17.14,9.15,1,7,1,1
85522.04,28421.67,56.33,47.75,4.82,2,10,1,1
83013.15,500.0,98.9,58.6,13.96,2,5,2,1
49662.96,500.0,86.41,29.99,8.72,6,5,2,1
56330.93,9167.91,81.64,49.82,4.2,0,6,0,1
76494.84,16442.16,55.72,38.75,8.37,1,10,1,1
68612.91,22657.64,60.11,30.07,3.3,0,3,0,1
51339.98,21896.18,81.97,56.01,8.03,1,7,1,1
24380.42,31405.27,100.0,16.76,6.1,2,6,1,1
62505.25,31781.94,73.62,9.97,3.69,3,9,0,1
83738.21,7531.38,92.37,22.72,3.64,1,2,0,0
33653.06,20862.91,76.24,11.7,16.74,1,4,3,1
74052.71,7826.02,82.66,27.02,7.37,0,5,1,0
67293.92,15741.04,96.58,12.31,5.27,2,3,3,0
76503.26,21861.5,77.85,20.34,4.58,2,3,2,1
79183.46,500.0,73.72,28.04,8.88,4,6,1,0
44721.76,46934.93,99.02,11.23,4.45,2,6,1,1
24426.89,24796.9,82.55,6.29,2.62,3,10,1,1
48262.57,10851.56,95.09,56.21,6.87,2,4,5,1
79560.8,41128.44,73.78,20.14,6.84,1,1,2,0
48075.91,13830.83,98.88,33.71,5.33,3,10,1,1
44731.05,19590.23,85.28,49.1,3.43,1,7,2,1
19930.29,12154.61,87.22,60.94,5.44,2,6,2,1
98558.25,37823.9,83.58,9.94,5.12,2,7,3,1
78165.7,16740.18,75.93,43.66,4.57,1,4,2,1
76937.71,19793.81,81.98,62.27,8.11,1,10,1,1
81289.96,32445.39,76.69,55.58,15.9,1,6,1,1
72687.58,25021.67,93.51,13.59,12.33,2,3,1,1
54624.77,17347.82,79.56,34.71,14.77,1,4,2,1
56397.19,31324.69,64.04,56.22,4.73,3,3,2,1
50593.58,48461.8,61.85,47.13,13.7,2,4,1,1
117964.3,21808.93,61.28,25.35,7.91,2,7,1,0
72230.06,19401.12,89.42,33.99,10.95,2,7,3,0
49796.39,20047.53,68.18,52.63,8.83,2,6,0,1
70240.93,33725.15,85.6,52.78,5.63,0,7,1,1
37760.88,10809.63,83.64,44.37,9.88,0,7,3,1
93099.15,14660.19,81.22,18.41,8.94,3,4,4,0
45456.48,500.0,87.26,50.89,0.5,0,5,1,1
71023.88,3793.59,83.9,10.79,6.5,0,5,1,0
83451.51,11786.4,49.48,6.03,10.49,1,5,1,0
68464.91,17328.76,78.12,24.01,8.11,0,9,0,1
62078.34,39229.0,87.1,11.92,8.88,2,3,3,1
60237.65,24431.91,100.0,44.44,3.99,5,4,1,1
58758.3,7055.06,100.0,42.13,8.02,1,4,2,1
47312.63,9264.23,65.64,38.4,6.61,3,3,1,1
50111.36,34496.98,77.8,11.46,6.19,2,4,4,1
92550.99,31519.32,63.21,25.36,4.28,1,7,3,1
57612.19,18337.8,100.0,19.13,10.66,2,1,2,1
42712.48,12689.68,94.15,21.76,8.38,2,6,4,1
48641.45,31499.19,86.21,14.74,7.98,2,6,0,1
84208.15,6080.07,83.99,17.08,15.2,1,3,0,1
74863.35,22704.36,98.57,58.37,8.9,0,7,4,1
72327.24,45271.91,96.54,37.56,11.8,1,8,2,1
54334.53,20464.27,95.9,37.24,8.09,1,6,1,0
72613.97,8692.69,87.48,19.08,5.59,0,8,0,0
45841.66,22924.42,77.81,41.45,2.76,2,3,1,1
54288.49,12359.9,91.21,67.73,7.97,2,9,2,1
81335.7,1270.61,91.79,10.06,0.5,0,5,1,0
79234.11,26412.43,79.71,38.22,8.09,1,6,2,1
38397.98,31414.01,77.79,54.77,8.26,3,5,0,1
41178.42,14269.12,95.6,24.6,6.13,2,8,0,0
62391.45,13473.17,100.0,48.94,6.63,1,5,0,1
97974.91,6461.22,73.01,67.21,2.0,1,4,1,1
18000.0,16200.77,78.84,43.61,12.54,0,2,0,1
66123.32,11251.58,86.21,65.56,5.65,0,7,2,1
29727.05,5867.61,87.84,23.19,3.11,1,4,4,1
46044.72,40706.03,75.73,29.58,9.18,2,7,0,1
51982.57,23597.91,100.0,11.73,7.44,1,9,3,1
50748.82,24868.74,87.07,29.03,5.57,1,5,1,0
48256.49,28600.79,88.38,16.64,5.14,1,5,3,1
60158.56,27252.43,100.0,48.25,6.98,1,4,1,1
48224.38,13042.68,76.61,19.9,12.38,0,4,1,1
27825.94,21270.63,80.94,45.76,8.88,1,4,0,1
77157.13,14771.63,66.96,44.52,6.86,3,7,6,0
76563.19,23261.56,79.93,8.72,10.41,0,8,0,0
78549.83,22100.29,64.13,29.6,7.11,2,11,0,1
26103.84,13408.08,90.97,12.77,8.61,0,12,2,1
66576.2,2048.42,87.04,51.61,7.6,1,9,2,1
74871.53,19754.84,78.68,26.45,9.36,1,6,2,1
37313.55,15548.77,80.79,22.67,5.22,3,6,0,1
60201.81,500.0,91.14,63.66,2.44,2,7,2,1
57442.13,24091.94,68.37,24.25,10.63,1,7,0,0
100527.31,29584.11,84.45,37.33,13.02,3,6,2,1
102338.91,48340.28,90.39,45.78,2.63,0,4,3,1
23384.16,13305.63,60.61,23.1,7.72,2,12,2,1
114866.39,11535.46,90.22,53.07,5.2,1,7,2,1
39865.03,4686.95,61.91,40.0,10.53,0,3,0,1
81574.81,20503.7,80.59,48.17,7.99,1,2,1,1
81350.96,20427.82,68.04,35.73,20.31,0,8,1,0
38094.82,8264.44,99.17,11.1,5.79,0,7,3,1
70851.89,15900.84,68.11,44.6,13.15,1,3,1,1
57634.26,500.0,62.2,33.2,13.54,1,9,0,0
72195.26,29116.52,83.6,31.6,9.13,1,12,4,1
65074.79,8751.85,77.04,7.73,7.15,4,7,1,0
86319.47,17584.12,63.94,32.45,7.38,0,3,3,0
61658.79,879.68,88.31,27.63,7.04,1,8,2,0
56306.77,11011.76,58.1,19.68,11.53,1,7,1,1
84113.41,14644.91,69.57,27.3,3.51,1,5,4,1
72768.71,17864.51,75.1,44.74,6.36,2,10,0,1
76099.89,23756.79,91.63,45.43,5.87,0,11,0,1
45379.09,35268.9,97.55,11.73,0.5,0,9,2,0
37004.22,26792.53,95.23,32.1,10.44,1,7,1,1
47510.11,29545.97,80.16,47.57,11.25,4,10,2,1
46341.93,35353.25,52.87,70.09,4.46,2,10,2,1
77296.38,24836.49,86.69,23.78,11.12,2,8,0,0
81471.65,17559.51,99.65,38.29,0.67,1,3,3,0
56587.13,30109.34,96.81,12.42,7.1,0,7,1,1
91480.22,30876.11,87.56,43.06,6.49,1,4,4,1
90106.33,25782.79,67.73,54.25,7.35,1,8,1,1
65354.78,544.47,75.7,53.15,7.33,1,7,3,1
41918.38,7902.48,100.0,50.6,6.69,2,8,2,1
94658.29,14701.75,65.0,33.68,5.45,1,7,1,0
58657.62,27355.45,68.23,32.32,6.57,2,5,2,1
62775.63,17743.84,93.31,40.18,12.45,0,9,3,1
52528.69,31642.42,76.83,51.05,4.69,0,6,2,1
40424.61,33782.84,67.82,43.5,16.02,1,3,1,1
27689.93,32390.05,100.0,66.2,4.46,2,4,1,1
73923.1,32466.49,87.53,55.88,7.96,2,5,0,1
42765.18,5556.07,77.42,44.87,9.28,2,1,1,1
127309.69,23791.63,68.25,55.98,5.83,1,1,3,1
36106.38,10709.65,100.0,15.27,12.53,1,7,1,0
32337.59,500.0,81.71,52.2,9.18,1,2,3,1
71223.05,14550.35,98.77,41.9,6.18,1,5,0,1
93644.9,33896.84,92.72,62.35,12.49,2,12,3,1
61420.97,23528.9,75.75,32.31,2.94,2,8,1,0
72589.33,42213.71,75.84,27.52,4.74,2,4,1,1
19441.96,20126.76,99.36,59.08,9.25,3,5,0,1
45094.75,47373.63,99.55,15.69,10.21,3,7,0,1
36380.45,20130.25,59.48,26.51,8.29,1,7,2,1
18308.99,18269.76,88.6,53.2,6.49,0,8,3,1
62573.57,2647.32,80.55,32.8,5.99,2,7,1,0
18000.0,31326.75,69.6,36.62,11.53,3,7,3,1
30911.69,11974.5,85.14,66.54,7.96,3,5,1,1
48181.74,10235.43,65.8,39.9,3.51,2,7,0,0
41711.71,33374.77,76.4,41.13,3.28,1,9,1,1
68720.99,31898.67,72.42,28.12,13.05,0,9,0,1
66722.76,31584.62,76.0,4.89,4.12,2,5,2,1
79663.57,13653.71,81.14,4.17,8.09,1,8,0,0
76552.44,17388.29,69.81,52.59,12.4,5,6,3,1
85097.88,17281.75,100.0,19.68,9.17,3,5,2,0
59957.8,27390.22,87.92,8.55,3.97,0,4,1,1
66676.27,36642.78,100.0,30.46,2.94,1,6,1,1
71253.3,22417.76,80.08,51.96,14.48,2,3,1,1
63116.45,41698.69,75.41,29.06,2.84,3,3,1,1
51261.73,28766.33,100.0,31.57,4.79,0,2,0,0
52686.26,15182.41,75.06,73.2,8.49,2,4,1,1
42013.72,27944.54,79.86,16.2,6.12,2,3,0,0
69275.57,38471.28,90.64,11.61,9.3,1,4,4,0
57931.67,41979.47,67.15,43.37,1.13,4,6,3,1
45410.18,32242.7,90.54,16.59,6.16,4,6,0,1
45430.61,18308.09,89.0,8.98,9.71,0,11,2,1
33371.23,15399.68,97.23,49.35,9.72,0,11,3,1
81534.51,24912.83,92.68,32.21,4.71,2,8,0,1
61729.59,38087.69,97.6,49.97,2.91,0,6,4,1
41018.4,23205.23,80.67,24.81,7.85,1,5,1,1
77788.05,23454.38,71.65,12.17,1.75,1,9,2,1
47670.13,18616.77,100.0,15.02,12.14,0,8,0,1
29056.99,14065.31,63.68,57.4,7.63,0,2,5,1
82466.89,16054.39,64.88,41.23,4.21,4,10,0,1
48183.87,19625.11,88.78,39.98,2.78,2,5,0,1
51004.22,38617.2,100.0,32.84,4.47,2,2,1,1
60905.96,15123.43,84.27,16.25,0.75,0,3,1,0
85136.96,18631.34,93.99,36.64,8.98,1,7,3,0
60440.82,7615.47,58.05,79.02,3.79,2,7,1,1
33619.42,26599.57,76.01,20.94,8.6,0,10,1,1
71965.29,34400.15,59.51,65.66,9.15,4,7,3,1
49330.23,37493.97,91.36,50.59,10.86,0,8,0,1
101534.33,20440.37,63.43,62.05,8.01,2,5,2,1
59975.37,24892.25,66.67,75.07,11.5,0,7,2,1
18000.0,16157.4,88.17,19.69,12.54,0,4,3,1
67862.03,24336.22,94.74,12.43,8.03,2,4,2,1
102781.15,21767.58,80.09,48.12,8.27,0,6,2,0
94670.25,18699.17,88.84,47.84,4.77,1,10,1,1
100280.99,19653.04,88.45,16.58,3.05,1,6,1,1
37565.28,23423.07,79.41,57.33,12.13,1,7,2,1
80067.35,14470.17,68.86,44.15,9.42,3,4,2,1
44116.12,15090.04,88.78,41.77,9.75,1,8,2,1
64934.37,38488.34,89.36,13.69,4.64,0,5,1,1
31995.05,50526.56,92.73,62.04,13.5,0,5,1,1
45821.97,3547.6,85.74,76.67,6.09,0,8,2,0
45122.57,2886.35,67.98,35.25,3.79,5,9,1,1
79768.22,6514.17,90.28,38.0,4.71,1,10,1,0
77615.82,16760.54,81.98,31.57,13.28,2,6,1,1
66090.03,28749.37,76.21,47.08,2.56,3,3,2,1
30290.73,25095.04,78.46,6.28,4.0,1,5,1,1
53143.93,20064.37,73.72,32.65,18.59,1,4,2,1
43585.44,24347.23,92.67,53.76,10.76,0,2,1,1
79132.87,9694.97,64.98,22.48,4.07,1,3,3,1
85920.07,15070.53,70.08,60.6,2.67,2,8,1,1
83240.48,17758.87,78.05,76.84,0.5,2,7,2,1
43385.17,500.0,100.0,60.77,7.39,1,5,2,1
18000.0,4064.28,94.65,35.39,9.91,0,11,0,0
21126.84,4541.21,62.31,47.47,13.08,2,4,2,1
91275.79,27169.3,98.22,24.82,0.5,0,10,2,1
51172.39,20944.26,98.19,84.79,1.7,3,8,2,1
43484.06,25332.73,67.91,12.9,6.52,1,6,1,1
96138.53,500.0,51.74,74.34,18.15,4,8,3,1
87833.52,500.0,81.13,59.06,10.54,2,5,0,0
60537.87,25958.59,95.47,18.29,8.49,1,5,0,0
53545.13,500.0,100.0,53.2,2.1,1,7,2,1
57093.77,32695.55,71.55,36.77,0.5,1,6,0,1
64997.58,500.0,100.0,31.81,7.16,1,6,0,0
95201.04,28120.14,55.26,30.05,6.6,2,5,1,0
69294.28,7336.98,77.58,30.95,5.93,4,4,1,0
75972.64,30586.84,76.99,42.17,5.48,1,7,2,1
85723.94,56497.93,95.83,69.48,4.01,0,4,2,1
34267.13,500.0,97.58,7.38,3.09,1,4,0,0
76606.96,26344.53,93.45,14.24,12.56,2,10,3,1
53519.49,500.0,65.79,10.45,3.45,1,8,3,1
18000.0,23121.23,92.35,58.02,5.9,1,6,1,1
18000.0,15518.73,88.11,38.53,6.84,0,9,1,1
37601.41,19557.39,61.95,17.41,9.83,1,6,1,1
71686.91,7059.76,57.2,32.76,3.59,0,6,2,1
62503.59,27366.49,94.46,44.51,10.91,1,7,1,1
64056.07,619.71,79.84,17.08,4.68,3,9,2,1
102920.76,32899.65,66.58,37.01,6.35,2,8,2,1
32080.03,13089.0,79.5,42.06,13.57,3,7,0,1
59396.47,1167.71,86.37,4.31,3.12,3,7,1,1
66697.58,37139.24,81.01,50.93,9.88,0,7,2,1
43801.99,17191.89,63.38,63.9,11.02,3,3,2,1
60623.19,40891.63,100.0,47.27,8.24,1,5,3,1
24801.11,32656.27,94.05,28.19,6.53,3,3,4,1
91017.94,8422.25,77.98,34.49,15.5,0,9,3,0
45004.48,16980.12,78.46,22.25,6.94,0,2,1,1
104690.8,19452.46,86.31,46.14,7.82,1,5,2,1
59285.56,36315.64,68.44,57.05,5.65,2,8,2,1
82617.18,23250.21,85.87,22.31,7.6,2,7,1,0
58827.34,20115.51,66.03,38.42,10.86,3,8,0,1
59323.64,15601.44,81.15,32.65,5.9,1,4,1,1
47151.35,17393.32,67.98,49.83,0.5,1,3,0,1
62620.73,33655.11,68.58,50.99,9.05,2,8,1,1
66995.97,18044.46,100.0,37.06,2.69,2,5,3,1
42746.31,13260.03,82.71,17.57,9.97,2,6,3,1
57249.02,11225.91,84.49,23.27,6.99,0,5,0,0
46577.82,11354.82,57.86,34.51,10.77,1,6,2,1
110592.61,1174.85,74.84,47.01,3.21,1,6,2,0
58025.92,8995.5,87.53,65.91,4.86,6,2,3,1
93995.11,35981.04,84.33,75.55,5.64,1,3,1,1
55696.31,15520.81,56.15,15.41,1.07,0,4,0,1
65704.33,26452.94,84.49,61.67,11.45,1,8,2,1
30929.99,500.0,86.4,36.52,0.5,1,3,1,1
50164.4,24819.74,97.41,79.78,11.39,1,2,2,1
64631.76,16063.77,74.14,30.17,8.7,1,9,3,1
94892.08,12222.72,55.1,4.69,6.2,1,10,0,1
64883.62,20171.52,70.04,32.48,8.38,1,6,4,1
90441.85,12050.1,68.84,48.73,8.27,1,5,1,1
74096.04,500.0,90.84,8.51,5.4,5,7,3,0
95802.83,29066.98,49.4,57.86,8.19,0,8,3,1
58701.07,20916.21,76.62,28.79,9.92,0,5,3,1
112584.9,14232.69,99.11,57.82,3.22,2,3,1,0
49321.28,6405.78,82.09,33.73,8.38,2,4,2,1
43137.84,500.0,92.76,59.27,0.5,0,3,0,1
33378.84,20686.71,62.3,47.51,0.5,1,8,1,1
111282.54,37361.29,62.78,36.36,9.26,1,5,6,1
78027.85,20438.0,99.25,32.52,5.33,1,3,4,1
52649.34,1406.86,83.21,56.84,3.59,1,5,2,1
